workload,tiering,mem_policy,ldram_size,execution_time,throughput,rss,pgpromote_success,numa_pte_updates,numa_huge_pte_updates,numa_hint_faults,pgmigrate_success,pgmigrate_fail,numa_pages_migrated,thp_migration_success,thp_migration_success_2,thp_migration_success_3,thp_migration_success_4,thp_migration_success_5,thp_migration_success_6,thp_migration_success_7,thp_migration_success_8,thp_migration_success_9,thp_fault_alloc,thp_fault_alloc_2,thp_fault_alloc_3,thp_fault_alloc_4,thp_fault_alloc_5,thp_fault_alloc_6,thp_fault_alloc_7,thp_fault_alloc_8,thp_fault_alloc_9,thp_migration_split,thp_migration_split_2,thp_migration_split_3,thp_migration_split_4,thp_migration_split_5,thp_migration_split_6,thp_migration_split_7,thp_migration_split_8,thp_migration_split_9,thp_migration_fail,thp_migration_fail_2,thp_migration_fail_3,thp_migration_fail_4,thp_migration_fail_5,thp_migration_fail_6,thp_migration_fail_7,thp_migration_fail_8,thp_migration_fail_9,numa_local,numa_other,pgsteal_kswapd,pgsteal_direct,pgsteal_khugepaged,pgdemote_kswapd,pgdemote_direct,pgdemote_khugepaged
bc-urand,autonuma_tiering,cpu0.firsttouch0_2,10G,332.14192,30.11,-0.9,2595887,13731703,0,13661688,9902099,11055,2595930,0,0,0,0,0,0,0,0,0,0,0,0,0,0,0,0,0,0,0,0,0,0,0,0,0,0,0,0,0,0,0,0,0,0,0,0,10229717,10431148,7066202,0,0,7066202,0,0
bc-urand,autonuma_tiering,cpu0.weightedinterleave0_2.13,10G,409.66215,24.41,0.9,323967,23074303,0,22899041,323967,0,323967,0,0,0,0,0,0,0,0,0,0,0,0,0,0,0,0,0,0,0,0,0,0,0,0,0,0,0,0,0,0,0,0,0,0,0,0,3005220,8329267,0,0,0,0,0,0
bc-urand,autonuma_tiering,cpu0.weightedinterleave0_2.12,10G,445.47409,22.45,2.6,240,28352899,0,28185894,102032,1654,243,0,0,0,0,0,0,0,0,0,0,0,0,0,0,0,0,0,0,0,0,0,0,0,0,0,0,0,0,0,0,0,0,0,0,0,0,2952529,8072612,0,0,0,0,0,0
bc-urand,autonuma_tiering,cpu0.weightedinterleave0_2,10G,437.46177,22.86,16.4,75,25492686,0,25292462,204674,1652,89,0,0,0,0,0,0,0,0,0,0,0,0,0,0,0,0,0,0,0,0,0,0,0,0,0,0,0,0,0,0,0,0,0,0,0,0,2973343,8041661,0,0,0,0,0,0
bc-urand,autonuma_tiering,cpu0.weightedinterleave0_2.43,10G,430.53742,23.23,1.1,70,25116553,0,25008314,221600,826,74,0,0,0,0,0,0,0,0,0,0,0,0,0,0,0,0,0,0,0,0,0,0,0,0,0,0,0,0,0,0,0,0,0,0,0,0,3062531,7996688,0,0,0,0,0,0
bc-urand,autonuma_tiering,cpu0.weightedinterleave0_2.21,10G,426.27807,23.46,11.5,47,25608185,0,25438567,238402,826,48,0,0,0,0,0,0,0,0,0,0,0,0,0,0,0,0,0,0,0,0,0,0,0,0,0,0,0,0,0,0,0,0,0,0,0,0,3022169,7989646,0,0,0,0,0,0
bc-urand,nobalance,cpu0.firsttouch0_2,10G,393.69773,25.4,15.5,0,0,0,17,185414,1525,0,0,0,0,0,0,0,0,0,0,0,0,0,0,0,0,0,0,0,0,0,0,0,0,0,0,0,0,0,0,0,0,0,0,0,0,0,4450671,6559765,1316145,0,0,0,0,0
bc-urand,nobalance,cpu0.weightedinterleave0_2.13,10G,392.3861,25.49,16.7,0,0,0,29,0,0,0,0,0,0,0,0,0,0,0,0,0,0,0,0,0,0,0,0,0,0,0,0,0,0,0,0,0,0,0,0,0,0,0,0,0,0,0,2858975,8170172,0,0,0,0,0,0
bc-urand,nobalance,cpu0.weightedinterleave0_2.12,10G,421.59271,23.72,12.7,0,0,0,23,178771,2410,0,0,0,0,0,0,0,0,0,0,0,0,0,0,0,0,0,0,0,0,0,0,0,0,0,0,0,0,0,0,0,0,0,0,0,0,0,3149277,7874439,72832,0,0,0,0,0
bc-urand,nobalance,cpu0.weightedinterleave0_2,10G,417.43303,23.96,12.4,0,0,0,30,212140,1538,1,0,0,0,0,0,0,0,0,0,0,0,0,0,0,0,0,0,0,0,0,0,0,0,0,0,0,0,0,0,0,0,0,0,0,0,0,3973402,7054496,946241,0,0,0,0,0
bc-urand,nobalance,cpu0.weightedinterleave0_2.43,10G,381.45182,26.22,13.3,0,0,0,17,242034,1535,0,0,0,0,0,0,0,0,0,0,0,0,0,0,0,0,0,0,0,0,0,0,0,0,0,0,0,0,0,0,0,0,0,0,0,0,0,3501561,7526158,98386,0,0,0,0,0
bc-urand,nobalance,cpu0.weightedinterleave0_2.21,10G,406.23007,24.62,-0.5,0,0,0,31,195672,827,0,0,0,0,0,0,0,0,0,0,0,0,0,0,0,0,0,0,0,0,0,0,0,0,0,0,0,0,0,0,0,0,0,0,0,0,0,4351940,6733769,1232655,0,0,0,0,0
bc-urand,autonuma_tiering_thp,cpu0.firsttouch0_2,10G,316.59571,31.59,14.3,54926,19211800,37503,39310,1849662,18717415,55053,105,0,0,1,0,0,0,0,0,12540,0,0,0,0,0,0,0,0,0,0,0,0,0,0,0,0,0,36518,0,0,0,0,0,0,0,0,2065542,4904749,1242897,378479,0,1242897,378479,0
bc-urand,autonuma_tiering_thp,cpu0.weightedinterleave0_2.13,10G,352.2179,28.39,16.3,353822,22008450,42980,45891,386000,20225327,353841,689,0,0,0,0,0,0,0,0,12540,0,0,0,0,0,0,0,0,0,0,0,0,0,0,0,0,0,39501,0,0,0,0,0,0,0,0,1221645,3384944,18635,0,0,18635,0,0
bc-urand,autonuma_tiering_thp,cpu0.weightedinterleave0_2.12,10G,393.44455,25.42,16.1,9743,25445976,49693,53186,46330,23931168,9761,17,0,0,0,0,0,0,0,0,12540,0,0,0,0,0,0,0,0,0,0,0,0,0,0,0,0,0,46738,0,0,0,0,0,0,0,0,1477891,3140210,19913,0,0,19913,0,0
bc-urand,autonuma_tiering_thp,cpu0.weightedinterleave0_2,10G,385.58574,25.93,15.6,8599,24222495,47305,49858,41762,22971300,8611,15,0,0,0,0,0,0,0,0,12540,0,0,0,0,0,0,0,0,0,0,0,0,0,0,0,0,0,44864,0,0,0,0,0,0,0,0,1477087,3138684,20040,0,0,20040,0,0
bc-urand,autonuma_tiering_thp,cpu0.weightedinterleave0_2.43,10G,381.01854,26.25,15.3,5907,23682176,46251,48108,38554,22508453,5917,10,0,0,0,0,0,0,0,0,12540,0,0,0,0,0,0,0,0,0,0,0,0,0,0,0,0,0,43960,0,0,0,0,0,0,0,0,1472341,3138847,20468,0,0,20468,0,0
bc-urand,autonuma_tiering_thp,cpu0.weightedinterleave0_2.21,10G,376.85244,26.54,15.2,7904,24889273,48608,50464,40990,23687120,7911,14,0,0,0,0,0,0,0,0,12540,0,0,0,0,0,0,0,0,0,0,0,0,0,0,0,0,0,46260,0,0,0,0,0,0,0,0,1474198,3137225,20548,0,0,20548,0,0
bc-urand,nobalance_thp,cpu0.firsttouch0_2,10G,357.41603,27.98,14.4,0,0,0,1,0,0,0,0,0,0,0,0,0,0,0,0,12540,0,0,0,0,0,0,0,0,0,0,0,0,0,0,0,0,0,0,0,0,0,0,0,0,0,0,1454024,3138728,0,0,0,0,0,0
bc-urand,nobalance_thp,cpu0.weightedinterleave0_2.13,10G,344.16064,29.06,16.2,0,0,0,5,0,0,0,0,0,0,0,0,0,0,0,0,12540,0,0,0,0,0,0,0,0,0,0,0,0,0,0,0,0,0,0,0,0,0,0,0,0,0,0,1230376,3366034,0,0,0,0,0,0
bc-urand,nobalance_thp,cpu0.weightedinterleave0_2.12,10G,393.27706,25.43,16.1,0,0,0,8,0,0,0,0,0,0,0,0,0,0,0,0,12540,0,0,0,0,0,0,0,0,0,0,0,0,0,0,0,0,0,0,0,0,0,0,0,0,0,0,1463334,3139792,0,0,0,0,0,0
bc-urand,nobalance_thp,cpu0.weightedinterleave0_2,10G,385.77099,25.92,15.9,0,0,0,3,0,0,0,0,0,0,0,0,0,0,0,0,12540,0,0,0,0,0,0,0,0,0,0,0,0,0,0,0,0,0,0,0,0,0,0,0,0,0,0,1461602,3136596,0,0,0,0,0,0
bc-urand,nobalance_thp,cpu0.weightedinterleave0_2.43,10G,381.32545,26.22,15.4,0,0,0,5,0,0,0,0,0,0,0,0,0,0,0,0,12540,0,0,0,0,0,0,0,0,0,0,0,0,0,0,0,0,0,0,0,0,0,0,0,0,0,0,1466574,3136864,0,0,0,0,0,0
bc-urand,nobalance_thp,cpu0.weightedinterleave0_2.21,10G,375.53669,26.63,15.5,0,0,0,2,0,0,0,0,0,0,0,0,0,0,0,0,12540,0,0,0,0,0,0,0,0,0,0,0,0,0,0,0,0,0,0,0,0,0,0,0,0,0,0,1472010,3137699,0,0,0,0,0,0
bc-urand,autonuma_tiering_thp_512K,cpu0.firsttouch0_2,10G,405.20179,24.68,20.0,55169,24223497,0,190022,4227063,22416281,55204,0,0,0,0,0,0,14092,0,0,0,0,0,0,0,0,50172,0,0,0,0,0,0,0,0,55,0,0,0,0,0,0,0,0,0,0,0,3632556,3435167,4161120,0,0,4161119,0,0
bc-urand,autonuma_tiering_thp_512K,cpu0.weightedinterleave0_2.13,10G,391.81645,25.52,20.0,312702,22537966,0,179548,383817,20685428,312718,0,0,0,0,0,0,2437,0,0,0,0,0,0,0,0,50173,0,0,0,0,0,0,0,0,174,0,0,0,0,0,0,0,0,0,0,0,1256875,3433236,39486,0,0,39486,0,0
bc-urand,autonuma_tiering_thp_512K,cpu0.weightedinterleave0_2.12,10G,438.9806,22.78,20.0,25808,24592115,0,193885,88127,22884693,25827,0,0,0,0,0,0,192,0,0,0,0,0,0,0,0,50172,0,0,0,0,0,0,0,0,147,0,0,0,0,0,0,0,0,0,0,0,1484310,3202368,32397,0,0,32397,0,0
bc-urand,autonuma_tiering_thp_512K,cpu0.weightedinterleave0_2,10G,430.55509,23.23,20.0,18802,25321566,0,199280,59445,23760287,18817,0,0,0,0,0,0,138,0,0,0,0,0,0,0,0,50172,0,0,0,0,0,0,0,0,110,0,0,0,0,0,0,0,0,0,0,0,1487099,3186291,19847,0,0,19847,0,0
bc-urand,autonuma_tiering_thp_512K,cpu0.weightedinterleave0_2.43,10G,427.18846,23.41,20.0,18054,24889254,0,196199,58761,23393630,18054,0,0,0,0,0,0,131,0,0,0,0,0,0,0,0,50172,0,0,0,0,0,0,0,0,111,0,0,0,0,0,0,0,0,0,0,0,1487043,3184268,20223,0,0,20223,0,0
bc-urand,autonuma_tiering_thp_512K,cpu0.weightedinterleave0_2.21,10G,422.05504,23.69,20.0,24111,25460950,0,200594,82362,24091889,24112,0,0,0,0,0,0,181,0,0,0,0,0,0,0,0,50174,0,0,0,0,0,0,0,0,156,0,0,0,0,0,0,0,0,0,0,0,1486853,3193471,30290,0,0,30290,0,0
bc-urand,nobalance_thp_512K,cpu0.firsttouch0_2,10G,392.28603,25.49,-0.0,0,0,0,1228,30380,1220,515,0,0,0,0,0,0,1,0,0,0,0,0,0,0,0,50288,0,0,0,0,0,0,0,0,124,0,0,0,0,0,0,0,0,0,0,0,2258257,2453904,1318341,0,0,0,0,0
bc-urand,nobalance_thp_512K,cpu0.weightedinterleave0_2.13,10G,392.2615,25.49,20.0,0,0,0,24,15937,1030,24,0,0,0,0,0,0,16,0,0,0,0,0,0,0,0,50174,0,0,0,0,0,0,0,0,62,0,0,0,0,0,0,0,0,0,0,0,1246722,3393453,0,0,0,0,0,0
bc-urand,nobalance_thp_512K,cpu0.weightedinterleave0_2.12,10G,426.88819,23.43,20.0,0,0,0,380,5922,622,345,0,0,0,0,0,0,0,0,0,0,0,0,0,0,0,50172,0,0,0,0,0,0,0,0,1,0,0,0,0,0,0,0,0,0,0,0,1599643,3046731,272124,0,0,0,0,0
bc-urand,nobalance_thp_512K,cpu0.weightedinterleave0_2,10G,417.68776,23.94,20.0,0,0,0,182,2946,117,17,0,0,0,0,0,0,0,0,0,0,0,0,0,0,0,50172,0,0,0,0,0,0,0,0,7,0,0,0,0,0,0,0,0,0,0,0,1907444,2740973,820305,0,0,0,0,0
bc-urand,nobalance_thp_512K,cpu0.weightedinterleave0_2.43,10G,394.92598,25.32,20.0,0,0,0,7,6,2,6,0,0,0,0,0,0,0,0,0,0,0,0,0,0,0,50172,0,0,0,0,0,0,0,0,0,0,0,0,0,0,0,0,0,0,0,0,2051669,2623577,1081052,0,0,0,0,0
bc-urand,nobalance_thp_512K,cpu0.weightedinterleave0_2.21,10G,411.2408,24.32,20.0,0,0,0,4,4,1,4,0,0,0,0,0,0,0,0,0,0,0,0,0,0,0,50173,0,0,0,0,0,0,0,0,0,0,0,0,0,0,0,0,0,0,0,0,2119158,3327286,1147213,0,0,0,0,0
bc-urand,autonuma_tiering_thp_64K,cpu0.firsttouch0_2,10G,403.13169,24.81,14.3,30025,28221942,0,1757738,107812,26227901,30025,0,0,0,1877,0,0,0,0,0,0,0,0,402122,0,0,0,0,0,0,0,0,1044,0,0,0,0,0,0,0,0,0,0,0,0,0,0,1576281,3474741,54857,0,0,54857,0,0
bc-urand,autonuma_tiering_thp_64K,cpu0.weightedinterleave0_2.13,10G,392.02659,25.51,16.0,338242,21961891,0,1374236,425457,19312855,338242,0,0,0,21116,0,0,0,0,0,0,0,0,402082,0,0,0,0,0,0,0,0,819,0,0,0,0,0,0,0,0,0,0,0,0,0,0,1348887,3722942,66550,0,0,66550,0,0
bc-urand,autonuma_tiering_thp_64K,cpu0.weightedinterleave0_2.12,10G,440.36688,22.71,15.9,42657,24580392,0,1532261,125213,21911057,42657,0,0,0,2609,0,0,0,0,0,0,0,0,402116,0,0,0,0,0,0,0,0,889,0,0,0,0,0,0,0,0,0,0,0,0,0,0,1558185,3495910,60488,0,0,60488,0,0
bc-urand,autonuma_tiering_thp_64K,cpu0.weightedinterleave0_2,10G,431.67878,23.17,15.4,43233,25981267,0,1623896,126638,23064011,43244,0,0,0,2624,0,0,0,0,0,0,0,0,402118,0,0,0,0,0,0,0,0,884,0,0,0,0,0,0,0,0,0,0,0,0,0,0,1566944,3491869,61033,0,0,61033,0,0
bc-urand,autonuma_tiering_thp_64K,cpu0.weightedinterleave0_2.43,10G,428.15115,23.36,15.2,71822,24331715,0,1515351,183162,21416568,71833,0,0,0,4420,0,0,0,0,0,0,0,0,402148,0,0,0,0,0,0,0,0,1013,0,0,0,0,0,0,0,0,0,0,0,0,0,0,1569671,3519682,89571,0,0,89571,0,0
bc-urand,autonuma_tiering_thp_64K,cpu0.weightedinterleave0_2.21,10G,421.97677,23.7,15.0,69036,25050430,0,1564025,197124,22451053,69036,0,0,0,4460,0,0,0,0,0,0,0,0,402170,0,0,0,0,0,0,0,0,1490,0,0,0,0,0,0,0,0,0,0,0,0,0,0,1576977,3516697,90030,0,0,90030,0,0
bc-urand,nobalance_thp_64K,cpu0.firsttouch0_2,10G,403.11954,24.81,20.0,0,0,0,26,1002,80,1,0,0,0,28,0,0,0,0,0,0,0,0,402304,0,0,0,0,0,0,0,0,10,0,0,0,0,0,0,0,0,0,0,0,0,0,0,1549209,3429023,0,0,0,0,0,0
bc-urand,nobalance_thp_64K,cpu0.weightedinterleave0_2.13,10G,392.21635,25.5,20.0,0,0,0,40,0,0,0,0,0,0,0,0,0,0,0,0,0,0,0,402206,0,0,0,0,0,0,0,0,0,0,0,0,0,0,0,0,0,0,0,0,0,0,0,1322878,3654401,0,0,0,0,0,0
bc-urand,nobalance_thp_64K,cpu0.weightedinterleave0_2.12,10G,433.50544,23.07,20.0,0,0,0,29,37252,1809,1,0,0,0,77,0,0,0,0,0,0,0,0,402265,0,0,0,0,0,0,0,0,1737,0,0,0,0,0,0,0,0,0,0,0,0,0,0,1549336,3440187,28910,0,0,0,0,0
bc-urand,nobalance_thp_64K,cpu0.weightedinterleave0_2,10G,424.35081,23.57,20.0,0,0,0,68,32004,2202,0,0,0,0,0,0,0,0,0,0,0,0,0,402342,0,0,0,0,0,0,0,0,1700,0,0,0,0,0,0,0,0,0,0,0,0,0,0,1552102,3449079,18190,0,0,0,0,0
bc-urand,nobalance_thp_64K,cpu0.weightedinterleave0_2.43,10G,424.37973,23.56,20.0,0,0,0,23,24627,1326,1,0,0,0,43,0,0,0,0,0,0,0,0,402262,0,0,0,0,0,0,0,0,1116,0,0,0,0,0,0,0,0,0,0,0,0,0,0,1553638,3441613,18385,0,0,0,0,0
bc-urand,nobalance_thp_64K,cpu0.weightedinterleave0_2.21,10G,415.73568,24.05,20.0,0,0,0,32,39184,2029,1,0,0,0,45,0,0,0,0,0,0,0,0,402310,0,0,0,0,0,0,0,0,1984,0,0,0,0,0,0,0,0,0,0,0,0,0,0,1559099,3435945,38007,0,0,0,0,0
bc-web,autonuma_tiering,cpu0.firsttouch0_2,10G,20.1334,496.69,12.1,15,12276626,0,12232515,191290,1042,15,0,0,0,0,0,0,0,0,0,0,0,0,0,0,0,0,0,0,0,0,0,0,0,0,0,0,0,0,0,0,0,0,0,0,0,0,4339790,14257995,0,0,0,0,0,0
bc-web,autonuma_tiering,cpu0.weightedinterleave0_2.13,10G,19.03164,525.44,-1.2,665287,7479644,0,7469124,665304,0,665304,0,0,0,0,0,0,0,0,0,0,0,0,0,0,0,0,0,0,0,0,0,0,0,0,0,0,0,0,0,0,0,0,0,0,0,0,5247788,14664227,0,0,0,0,0,0
bc-web,autonuma_tiering,cpu0.weightedinterleave0_2.12,10G,22.14852,451.5,13.1,57086,12129509,0,12042785,199862,830,57087,0,0,0,0,0,0,0,0,0,0,0,0,0,0,0,0,0,0,0,0,0,0,0,0,0,0,0,0,0,0,0,0,0,0,0,0,3463397,15200452,0,0,0,0,0,0
bc-web,autonuma_tiering,cpu0.weightedinterleave0_2,10G,20.4272,489.54,10.9,31,8138918,0,8089723,179393,826,42,0,0,0,0,0,0,0,0,0,0,0,0,0,0,0,0,0,0,0,0,0,0,0,0,0,0,0,0,0,0,0,0,0,0,0,0,3926765,14674233,0,0,0,0,0,0
bc-web,autonuma_tiering,cpu0.weightedinterleave0_2.43,10G,19.89794,502.56,12.8,46,7382733,0,7356546,122554,826,48,0,0,0,0,0,0,0,0,0,0,0,0,0,0,0,0,0,0,0,0,0,0,0,0,0,0,0,0,0,0,0,0,0,0,0,0,3982629,14621067,0,0,0,0,0,0
bc-web,autonuma_tiering,cpu0.weightedinterleave0_2.21,10G,19.58783,510.52,12.7,2254,6548932,0,6521456,239134,826,2259,0,0,0,0,0,0,0,0,0,0,0,0,0,0,0,0,0,0,0,0,0,0,0,0,0,0,0,0,0,0,0,0,0,0,0,0,3912746,14685705,0,0,0,0,0,0
bc-web,nobalance,cpu0.firsttouch0_2,10G,17.79752,561.88,12.2,0,0,0,21,196823,828,0,0,0,0,0,0,0,0,0,0,0,0,0,0,0,0,0,0,0,0,0,0,0,0,0,0,0,0,0,0,0,0,0,0,0,0,0,5973893,12628337,1278060,0,0,0,0,0
bc-web,nobalance,cpu0.weightedinterleave0_2.13,10G,21.3567,468.24,13.3,0,0,0,11,1,0,1,0,0,0,0,0,0,0,0,0,0,0,0,0,0,0,0,0,0,0,0,0,0,0,0,0,0,0,0,0,0,0,0,0,0,0,0,4740180,13878373,0,0,0,0,0,0
bc-web,nobalance,cpu0.weightedinterleave0_2.12,10G,21.05204,475.01,10.4,0,0,0,19,66261,827,1,0,0,0,0,0,0,0,0,0,0,0,0,0,0,0,0,0,0,0,0,0,0,0,0,0,0,0,0,0,0,0,0,0,0,0,0,4368747,14250551,9666,0,0,0,0,0
bc-web,nobalance,cpu0.weightedinterleave0_2,10G,19.39731,515.54,-2.3,0,0,0,14,147016,1530,0,0,0,0,0,0,0,0,0,0,0,0,0,0,0,0,0,0,0,0,0,0,0,0,0,0,0,0,0,0,0,0,0,0,0,0,0,5118973,13491385,80943,0,0,0,0,0
bc-web,nobalance,cpu0.weightedinterleave0_2.43,10G,18.61393,537.23,12.8,0,0,0,4,144694,1530,0,0,0,0,0,0,0,0,0,0,0,0,0,0,0,0,0,0,0,0,0,0,0,0,0,0,0,0,0,0,0,0,0,0,0,0,0,4768159,13838442,62751,0,0,0,0,0
bc-web,nobalance,cpu0.weightedinterleave0_2.21,10G,17.33767,576.78,12.7,0,0,0,5,219139,1613,0,0,0,0,0,0,0,0,0,0,0,0,0,0,0,0,0,0,0,0,0,0,0,0,0,0,0,0,0,0,0,0,0,0,0,0,0,6537188,12059782,122775,0,0,0,0,0
bc-web,autonuma_tiering_thp,cpu0.firsttouch0_2,10G,13.38111,747.32,10.6,261470,5495295,10731,12776,867229,4791912,261470,509,0,0,0,0,0,0,0,0,28066,0,0,0,0,0,0,0,0,0,0,0,0,0,0,0,0,0,9335,0,0,0,0,0,0,0,0,1602139,3143465,12872,502636,0,12872,502636,0
bc-web,autonuma_tiering_thp,cpu0.weightedinterleave0_2.13,10G,19.29806,518.19,12.5,708835,7635083,14906,19657,753445,5900088,708850,1382,0,0,0,0,0,0,0,0,28210,0,0,0,0,0,0,0,0,0,0,0,0,0,0,0,0,0,11518,0,0,0,0,0,0,0,0,1111542,3097019,26743,0,0,26743,0,0
bc-web,autonuma_tiering_thp,cpu0.weightedinterleave0_2.12,10G,20.54314,486.78,12.4,55611,12893010,25178,28954,89441,11474210,55620,107,0,0,0,0,0,0,0,0,28066,0,0,0,0,0,0,0,0,0,0,0,0,0,0,0,0,0,22409,0,0,0,0,0,0,0,0,1478294,2800711,19994,0,0,19994,0,0
bc-web,autonuma_tiering_thp,cpu0.weightedinterleave0_2,10G,19.51207,512.5,11.9,13006,8330487,16268,18922,49435,7437675,13019,24,0,0,0,0,0,0,0,0,28194,0,0,0,0,0,0,0,0,0,0,0,0,0,0,0,0,0,14524,0,0,0,0,0,0,0,0,1496255,2709567,20420,0,0,20420,0,0
bc-web,autonuma_tiering_thp,cpu0.weightedinterleave0_2.43,10G,18.90634,528.92,11.7,14385,7314994,14285,16608,50387,6577036,14394,27,0,0,0,0,0,0,0,0,28194,0,0,0,0,0,0,0,0,0,0,0,0,0,0,0,0,0,12844,0,0,0,0,0,0,0,0,1505963,2701979,21924,0,0,21924,0,0
bc-web,autonuma_tiering_thp,cpu0.weightedinterleave0_2.21,10G,18.14614,551.08,11.4,16523,5496114,10732,13116,53173,4954350,16526,31,0,0,0,0,0,0,0,0,28194,0,0,0,0,0,0,0,0,0,0,0,0,0,0,0,0,0,9675,0,0,0,0,0,0,0,0,1482915,2721258,20105,0,0,20105,0,0
bc-web,nobalance_thp,cpu0.firsttouch0_2,10G,18.65372,536.09,11.0,0,0,0,3,0,0,0,0,0,0,0,0,0,0,0,0,28194,0,0,0,0,0,0,0,0,0,0,0,0,0,0,0,0,0,0,0,0,0,0,0,0,0,0,1497749,2702431,0,0,0,0,0,0
bc-web,nobalance_thp,cpu0.weightedinterleave0_2.13,10G,20.27458,493.23,12.5,0,0,0,3,0,0,0,0,0,0,0,0,0,0,0,0,28194,0,0,0,0,0,0,0,0,0,0,0,0,0,0,0,0,0,0,0,0,0,0,0,0,0,0,1138331,3072697,0,0,0,0,0,0
bc-web,nobalance_thp,cpu0.weightedinterleave0_2.12,10G,20.61712,485.03,12.4,0,0,0,5,0,0,0,0,0,0,0,0,0,0,0,0,28066,0,0,0,0,0,0,0,0,0,0,0,0,0,0,0,0,0,0,0,0,0,0,0,0,0,0,1466107,2810276,0,0,0,0,0,0
bc-web,nobalance_thp,cpu0.weightedinterleave0_2,10G,19.4084,515.24,11.9,0,0,0,3,1,0,1,0,0,0,0,0,0,0,0,0,28066,0,0,0,0,0,0,0,0,0,0,0,0,0,0,0,0,0,0,0,0,0,0,0,0,0,0,1501007,2771322,0,0,0,0,0,0
bc-web,nobalance_thp,cpu0.weightedinterleave0_2.43,10G,18.66028,535.9,11.6,0,0,0,5,0,0,0,0,0,0,0,0,0,0,0,0,28194,0,0,0,0,0,0,0,0,0,0,0,0,0,0,0,0,0,0,0,0,0,0,0,0,0,0,1484079,2723611,0,0,0,0,0,0
bc-web,nobalance_thp,cpu0.weightedinterleave0_2.21,10G,18.59769,537.7,11.2,0,0,0,1,0,0,0,0,0,0,0,0,0,0,0,0,28066,0,0,0,0,0,0,0,0,0,0,0,0,0,0,0,0,0,0,0,0,0,0,0,0,0,0,1460927,2804209,0,0,0,0,0,0
bc-web,autonuma_tiering_thp_512K,cpu0.firsttouch0_2,10G,19.28736,518.47,16.3,24519,8213487,0,67987,97296,6899575,24519,0,0,0,0,0,0,191,0,0,0,0,0,0,0,0,113063,0,0,0,0,0,0,0,0,251,0,0,0,0,0,0,0,0,0,0,0,1527342,2755775,30267,0,0,30267,0,0
bc-web,autonuma_tiering_thp_512K,cpu0.weightedinterleave0_2.13,10G,19.52902,512.06,-0.0,652881,7327006,0,62409,697592,4974672,652881,0,0,0,0,0,0,5097,0,0,0,0,0,0,0,0,113063,0,0,0,0,0,0,0,0,133,0,0,0,0,0,0,0,0,0,0,0,1140264,3133723,22174,0,0,22174,0,0
bc-web,autonuma_tiering_thp_512K,cpu0.weightedinterleave0_2.12,10G,21.52818,464.51,16.3,23456,11366163,0,94199,62930,8932349,23470,0,0,0,0,0,0,180,0,0,0,0,0,0,0,0,113063,0,0,0,0,0,0,0,0,98,0,0,0,0,0,0,0,0,0,0,0,1479690,2807518,19937,0,0,19937,0,0
bc-web,autonuma_tiering_thp_512K,cpu0.weightedinterleave0_2,10G,16.73037,597.72,16.3,482235,4315459,0,37210,1884249,2731432,482237,0,0,0,0,0,0,3765,0,0,0,0,0,0,0,0,113080,0,0,0,0,0,0,0,0,189,0,0,0,0,0,0,0,0,0,0,0,1966252,3645126,1367951,0,0,1367951,0,0
bc-web,autonuma_tiering_thp_512K,cpu0.weightedinterleave0_2.43,10G,19.37696,516.08,16.3,13874,7514610,0,62910,55451,6134197,13886,0,0,0,0,0,0,106,0,0,0,0,0,0,0,0,113063,0,0,0,0,0,0,0,0,115,0,0,0,0,0,0,0,0,0,0,0,1498491,2772682,20235,0,0,20235,0,0
bc-web,autonuma_tiering_thp_512K,cpu0.weightedinterleave0_2.21,10G,19.18097,521.35,16.3,14006,5390768,0,45448,56553,4392509,14014,0,0,0,0,0,0,106,0,0,0,0,0,0,0,0,113063,0,0,0,0,0,0,0,0,124,0,0,0,0,0,0,0,0,0,0,0,1484157,2785144,19934,0,0,19934,0,0
bc-web,nobalance_thp_512K,cpu0.firsttouch0_2,10G,18.21067,549.13,16.3,0,0,0,139,194,14,99,0,0,0,0,0,0,0,0,0,0,0,0,0,0,0,113063,0,0,0,0,0,0,0,0,0,0,0,0,0,0,0,0,0,0,0,0,2130793,2102280,1202018,0,0,0,0,0
bc-web,nobalance_thp_512K,cpu0.weightedinterleave0_2.13,10G,21.03681,475.36,16.3,0,0,0,1,1,0,1,0,0,0,0,0,0,0,0,0,0,0,0,0,0,0,113095,0,0,0,0,0,0,0,0,0,0,0,0,0,0,0,0,0,0,0,0,1133592,3106473,0,0,0,0,0,0
bc-web,nobalance_thp_512K,cpu0.weightedinterleave0_2.12,10G,21.44047,466.41,16.3,0,0,0,34,104321,9478,1,0,0,0,0,0,0,4,0,0,0,0,0,0,0,0,113209,0,0,0,0,0,0,0,0,684,0,0,0,0,0,0,0,0,0,0,0,1452896,2811633,29470,0,0,0,0,0
bc-web,nobalance_thp_512K,cpu0.weightedinterleave0_2,10G,18.87335,529.85,16.3,0,0,0,31,2806,177,26,0,0,0,0,0,0,0,0,0,0,0,0,0,0,0,113065,0,0,0,0,0,0,0,0,9,0,0,0,0,0,0,0,0,0,0,0,1808883,2430158,644067,0,0,0,0,0
bc-web,nobalance_thp_512K,cpu0.weightedinterleave0_2.43,10G,17.60805,567.92,16.3,0,0,0,10,526,63,3,0,0,0,0,0,0,0,0,0,0,0,0,0,0,0,113063,0,0,0,0,0,0,0,0,0,0,0,0,0,0,0,0,0,0,0,0,1904004,2327981,837526,0,0,0,0,0
bc-web,nobalance_thp_512K,cpu0.weightedinterleave0_2.21,10G,20.03179,499.21,16.3,0,0,0,4,24457,1078,1,0,0,0,0,0,0,0,0,0,0,0,0,0,0,0,113063,0,0,0,0,0,0,0,0,156,0,0,0,0,0,0,0,0,0,0,0,1456595,2794878,9571,0,0,0,0,0
bc-web,autonuma_tiering_thp_64K,cpu0.firsttouch0_2,10G,18.49096,540.8,10.6,100897,7980301,0,512731,264400,5524443,100897,0,0,0,6429,0,0,0,0,0,0,0,0,906678,0,0,0,0,0,0,0,0,1773,0,0,0,0,0,0,0,0,0,0,0,0,0,0,1668658,3475301,128196,0,0,128196,0,0
bc-web,autonuma_tiering_thp_64K,cpu0.weightedinterleave0_2.13,10G,19.4297,514.68,12.3,670642,8032225,0,519599,738344,4562445,670642,0,0,0,41914,0,0,0,0,0,0,0,0,906726,0,0,0,0,0,0,0,0,937,0,0,0,0,0,0,0,0,0,0,0,0,0,0,1353288,3749030,47560,0,0,47560,0,0
bc-web,autonuma_tiering_thp_64K,cpu0.weightedinterleave0_2.12,10G,21.14449,472.94,3.2,66464,10992795,0,704096,188971,7265065,66464,0,0,0,4226,0,0,0,0,0,0,0,0,906962,0,0,0,0,0,0,0,0,1233,0,0,0,0,0,0,0,0,0,0,0,0,0,0,1581537,3543593,96958,0,0,96958,0,0
bc-web,autonuma_tiering_thp_64K,cpu0.weightedinterleave0_2,10G,19.54267,511.7,11.8,57353,8706542,0,560924,182867,5894628,57353,0,0,0,3638,0,0,0,0,0,0,0,0,906776,0,0,0,0,0,0,0,0,1201,0,0,0,0,0,0,0,0,0,0,0,0,0,0,1613225,3511272,100934,0,0,100934,0,0
bc-web,autonuma_tiering_thp_64K,cpu0.weightedinterleave0_2.43,10G,19.3686,516.3,11.5,30715,7408447,0,477271,103368,5103706,30715,0,0,0,1916,0,0,0,0,0,0,0,0,906968,0,0,0,0,0,0,0,0,917,0,0,0,0,0,0,0,0,0,0,0,0,0,0,1615147,3459547,50599,0,0,50599,0,0
bc-web,autonuma_tiering_thp_64K,cpu0.weightedinterleave0_2.21,10G,18.59,537.92,11.3,29273,5596142,0,360501,135903,3906181,29279,0,0,0,1822,0,0,0,0,0,0,0,0,906716,0,0,0,0,0,0,0,0,1276,0,0,0,0,0,0,0,0,0,0,0,0,0,0,1620588,3473347,78324,0,0,78324,0,0
bc-web,nobalance_thp_64K,cpu0.firsttouch0_2,10G,18.74769,533.4,16.1,0,0,0,17,96863,3486,0,0,0,0,18,0,0,0,0,0,0,0,0,906866,0,0,0,0,0,0,0,0,4886,0,0,0,0,0,0,0,0,0,0,0,0,0,0,1672556,3363696,59040,0,0,0,0,0
bc-web,nobalance_thp_64K,cpu0.weightedinterleave0_2.13,10G,21.02155,475.7,16.3,0,0,0,18,0,0,0,0,0,0,0,0,0,0,0,0,0,0,0,906945,0,0,0,0,0,0,0,0,0,0,0,0,0,0,0,0,0,0,0,0,0,0,0,1321196,3685513,0,0,0,0,0,0
bc-web,nobalance_thp_64K,cpu0.weightedinterleave0_2.12,10G,21.29459,469.6,16.1,0,0,0,16,29596,1411,0,0,0,0,1,0,0,0,0,0,0,0,0,906929,0,0,0,0,0,0,0,0,1522,0,0,0,0,0,0,0,0,0,0,0,0,0,0,1557035,3456720,19686,0,0,0,0,0
bc-web,nobalance_thp_64K,cpu0.weightedinterleave0_2,10G,19.88722,502.84,16.3,0,0,0,20,17133,702,0,0,0,0,0,0,0,0,0,0,0,0,0,906865,0,0,0,0,0,0,0,0,705,0,0,0,0,0,0,0,0,0,0,0,0,0,0,1581508,3422584,28427,0,0,0,0,0
bc-web,nobalance_thp_64K,cpu0.weightedinterleave0_2.43,10G,19.35749,516.6,16.3,0,0,0,4,6434,67,0,0,0,0,0,0,0,0,0,0,0,0,0,906894,0,0,0,0,0,0,0,0,178,0,0,0,0,0,0,0,0,0,0,0,0,0,0,1573220,3425926,7927,0,0,0,0,0
bc-web,nobalance_thp_64K,cpu0.weightedinterleave0_2.21,10G,18.76313,532.96,16.3,0,0,0,20,275865,7478,1,0,0,0,108,0,0,0,0,0,0,0,0,906901,0,0,0,0,0,0,0,0,16162,0,0,0,0,0,0,0,0,0,0,0,0,0,0,1722617,3482690,90170,0,0,0,0,0
bfs-urand,autonuma_tiering,cpu0.firsttouch0_2,10G,2.73081,3661.92,-1.9,164291,13428279,0,13347842,342383,1970,164292,0,0,0,0,0,0,0,0,0,0,0,0,0,0,0,0,0,0,0,0,0,0,0,0,0,0,0,0,0,0,0,0,0,0,0,0,9616047,10611388,0,0,0,0,0,0
bfs-urand,autonuma_tiering,cpu0.weightedinterleave0_2.13,10G,3.23789,3088.43,14.3,458949,10880030,0,10831464,458949,0,458949,0,0,0,0,0,0,0,0,0,0,0,0,0,0,0,0,0,0,0,0,0,0,0,0,0,0,0,0,0,0,0,0,0,0,0,0,4242534,16291884,0,0,0,0,0,0
bfs-urand,autonuma_tiering,cpu0.weightedinterleave0_2.12,10G,3.22009,3105.5,13.4,63787,11117634,0,11043762,287455,827,63787,0,0,0,0,0,0,0,0,0,0,0,0,0,0,0,0,0,0,0,0,0,0,0,0,0,0,0,0,0,0,0,0,0,0,0,0,4833303,15305180,0,0,0,0,0,0
bfs-urand,autonuma_tiering,cpu0.weightedinterleave0_2,10G,3.06629,3261.27,14.0,66588,10968633,0,10904055,304967,835,66589,0,0,0,0,0,0,0,0,0,0,0,0,0,0,0,0,0,0,0,0,0,0,0,0,0,0,0,0,0,0,0,0,0,0,0,0,6451225,13684118,0,0,0,0,0,0
bfs-urand,autonuma_tiering,cpu0.weightedinterleave0_2.43,10G,3.09141,3234.77,13.9,111116,10004721,0,9932198,304110,1528,111118,0,0,0,0,0,0,0,0,0,0,0,0,0,0,0,0,0,0,0,0,0,0,0,0,0,0,0,0,0,0,0,0,0,0,0,0,6230342,13985547,0,0,0,0,0,0
bfs-urand,autonuma_tiering,cpu0.weightedinterleave0_2.21,10G,2.92962,3413.41,13.8,113105,9808063,0,9764373,300356,1850,113106,0,0,0,0,0,0,0,0,0,0,0,0,0,0,0,0,0,0,0,0,0,0,0,0,0,0,0,0,0,0,0,0,0,0,0,0,7873010,12308442,0,0,0,0,0,0
bfs-urand,nobalance,cpu0.firsttouch0_2,10G,2.2736,4398.31,13.1,0,0,0,1,196572,1535,0,0,0,0,0,0,0,0,0,0,0,0,0,0,0,0,0,0,0,0,0,0,0,0,0,0,0,0,0,0,0,0,0,0,0,0,0,14868374,5189120,1280543,0,0,0,0,0
bfs-urand,nobalance,cpu0.weightedinterleave0_2.13,10G,3.15138,3173.21,14.4,0,0,0,11,0,0,0,0,0,0,0,0,0,0,0,0,0,0,0,0,0,0,0,0,0,0,0,0,0,0,0,0,0,0,0,0,0,0,0,0,0,0,0,5076394,16091967,0,0,0,0,0,0
bfs-urand,nobalance,cpu0.weightedinterleave0_2.12,10G,3.02539,3305.36,14.2,0,0,0,8,162762,1530,0,0,0,0,0,0,0,0,0,0,0,0,0,0,0,0,0,0,0,0,0,0,0,0,0,0,0,0,0,0,0,0,0,0,0,0,0,6629338,13445538,245088,0,0,0,0,0
bfs-urand,nobalance,cpu0.weightedinterleave0_2,10G,2.80938,3559.5,-3.0,0,0,0,4,193279,2356,0,0,0,0,0,0,0,0,0,0,0,0,0,0,0,0,0,0,0,0,0,0,0,0,0,0,0,0,0,0,0,0,0,0,0,0,0,9072203,11000224,881486,0,0,0,0,0
bfs-urand,nobalance,cpu0.weightedinterleave0_2.43,10G,2.71219,3687.06,13.9,0,0,0,7,172538,1534,0,0,0,0,0,0,0,0,0,0,0,0,0,0,0,0,0,0,0,0,0,0,0,0,0,0,0,0,0,0,0,0,0,0,0,0,0,10040910,10023335,1092209,0,0,0,0,0
bfs-urand,nobalance,cpu0.weightedinterleave0_2.21,10G,2.63247,3798.71,13.8,0,0,0,4,212316,1541,0,0,0,0,0,0,0,0,0,0,0,0,0,0,0,0,0,0,0,0,0,0,0,0,0,0,0,0,0,0,0,0,0,0,0,0,0,11173314,8894690,1185731,0,0,0,0,0
bfs-urand,autonuma_tiering_thp,cpu0.firsttouch0_2,10G,2.1428,4666.79,11.9,882193,10206227,19934,29126,1823125,9233120,882193,1723,0,0,0,0,0,0,0,0,30095,0,0,0,0,0,0,0,0,0,0,0,0,0,0,0,0,0,18017,0,0,0,0,0,0,0,0,1628955,3954042,19819,823914,0,19819,823914,0
bfs-urand,autonuma_tiering_thp,cpu0.weightedinterleave0_2.13,10G,3.06927,3258.1,13.9,503466,11882457,23204,34073,532264,11694009,503664,980,0,0,0,0,0,0,0,0,30145,0,0,0,0,0,0,0,0,1,0,0,0,0,0,0,0,0,22840,0,0,0,0,0,0,0,0,1218434,3520694,16781,0,0,16781,0,0
bfs-urand,autonuma_tiering_thp,cpu0.weightedinterleave0_2.12,10G,3.10665,3218.9,13.7,94959,11861665,23162,35990,137461,12686768,94959,181,0,0,0,0,0,0,0,0,30095,0,0,0,0,0,0,0,0,0,0,0,0,0,0,0,0,0,24774,0,0,0,0,0,0,0,0,1490599,3279630,20611,0,0,20611,0,0
bfs-urand,autonuma_tiering_thp,cpu0.weightedinterleave0_2,10G,2.82934,3534.39,13.2,83743,10625389,20750,30958,118757,10497517,83743,161,0,0,0,0,0,0,0,0,30135,0,0,0,0,0,0,0,0,0,0,0,0,0,0,0,0,0,20502,0,0,0,0,0,0,0,0,1509471,3234339,20682,0,0,20682,0,0
bfs-urand,autonuma_tiering_thp,cpu0.weightedinterleave0_2.43,10G,2.82502,3539.8,13.0,116264,10082669,19690,29257,126391,10049083,116274,225,0,0,0,0,0,0,0,0,30081,0,0,0,0,0,0,0,0,0,0,0,0,0,0,0,0,0,19627,0,0,0,0,0,0,0,0,1533784,3224776,10117,0,0,10117,0,0
bfs-urand,autonuma_tiering_thp,cpu0.weightedinterleave0_2.21,10G,2.85011,3508.64,12.8,153917,10200589,19921,28985,163962,10246713,153923,299,0,0,0,0,0,0,0,0,30095,0,0,0,0,0,0,0,0,0,0,0,0,0,0,0,0,0,20013,0,0,0,0,0,0,0,0,1547737,3206786,10039,0,0,10039,0,0
bfs-urand,nobalance_thp,cpu0.firsttouch0_2,10G,2.22531,4493.76,12.0,0,0,0,2,0,0,0,0,0,0,0,0,0,0,0,0,30088,0,0,0,0,0,0,0,0,0,0,0,0,0,0,0,0,0,0,0,0,0,0,0,0,0,0,1618129,3127026,0,0,0,0,0,0
bfs-urand,nobalance_thp,cpu0.weightedinterleave0_2.13,10G,3.10352,3222.15,13.9,0,0,0,0,0,0,0,0,0,0,0,0,0,0,0,0,30090,0,0,0,0,0,0,0,0,0,0,0,0,0,0,0,0,0,0,0,0,0,0,0,0,0,0,1235355,3514252,0,0,0,0,0,0
bfs-urand,nobalance_thp,cpu0.weightedinterleave0_2.12,10G,2.99821,3335.32,13.8,0,0,0,1,0,0,0,0,0,0,0,0,0,0,0,0,30095,0,0,0,0,0,0,0,0,0,0,0,0,0,0,0,0,0,0,0,0,0,0,0,0,0,0,1489846,3265903,0,0,0,0,0,0
bfs-urand,nobalance_thp,cpu0.weightedinterleave0_2,10G,2.84033,3520.72,13.3,0,0,0,0,0,0,0,0,0,0,0,0,0,0,0,0,30095,0,0,0,0,0,0,0,0,0,0,0,0,0,0,0,0,0,0,0,0,0,0,0,0,0,0,1518433,3229958,0,0,0,0,0,0
bfs-urand,nobalance_thp,cpu0.weightedinterleave0_2.43,10G,2.73685,3653.84,13.0,0,0,0,0,0,0,0,0,0,0,0,0,0,0,0,0,30090,0,0,0,0,0,0,0,0,0,0,0,0,0,0,0,0,0,0,0,0,0,0,0,0,0,0,1530415,3214498,0,0,0,0,0,0
bfs-urand,nobalance_thp,cpu0.weightedinterleave0_2.21,10G,2.64104,3786.39,12.8,0,0,0,0,0,0,0,0,0,0,0,0,0,0,0,0,30158,0,0,0,0,0,0,0,0,0,0,0,0,0,0,0,0,0,0,0,0,0,0,0,0,0,0,1521746,3186676,0,0,0,0,0,0
bfs-urand,autonuma_tiering_thp_512K,cpu0.firsttouch0_2,10G,2.40485,4158.26,4.0,135734,13615760,0,163141,178621,14135989,135734,0,0,0,0,0,0,1060,0,0,0,0,0,0,0,0,121064,0,0,0,0,0,0,0,0,127,0,0,0,0,0,0,0,0,0,0,0,1532243,3263976,20174,0,0,20174,0,0
bfs-urand,autonuma_tiering_thp_512K,cpu0.weightedinterleave0_2.13,10G,3.11523,3210.04,17.6,457269,10788477,0,116346,513885,10256223,457285,0,0,0,0,0,0,3573,0,0,0,0,0,0,0,0,121000,0,0,0,0,0,0,0,0,223,0,0,0,0,0,0,0,0,0,0,0,1232328,3570985,16790,0,0,16790,0,0
bfs-urand,autonuma_tiering_thp_512K,cpu0.weightedinterleave0_2.12,10G,3.08099,3245.71,17.4,58395,11413877,0,123192,111086,11322721,58411,0,0,0,0,0,0,460,0,0,0,0,0,0,0,0,121063,0,0,0,0,0,0,0,0,195,0,0,0,0,0,0,0,0,0,0,0,1465553,3333693,20227,0,0,20227,0,0
bfs-urand,autonuma_tiering_thp_512K,cpu0.weightedinterleave0_2,10G,2.919,3425.83,17.5,74636,10448957,0,115067,125274,10538459,74648,0,0,0,0,0,0,596,0,0,0,0,0,0,0,0,121000,0,0,0,0,0,0,0,0,187,0,0,0,0,0,0,0,0,0,0,0,1488195,3320281,20283,0,0,20283,0,0
bfs-urand,autonuma_tiering_thp_512K,cpu0.weightedinterleave0_2.43,10G,2.85876,3498.02,17.6,88377,9464837,0,106141,130626,9835708,88395,0,0,0,0,0,0,689,0,0,0,0,0,0,0,0,121063,0,0,0,0,0,0,0,0,143,0,0,0,0,0,0,0,0,0,0,0,1485339,3310545,19907,0,0,19907,0,0
bfs-urand,autonuma_tiering_thp_512K,cpu0.weightedinterleave0_2.21,10G,2.61687,3821.36,17.6,189239,8061922,0,91354,1603829,8352969,189246,0,0,0,0,0,0,1476,0,0,0,0,0,0,0,0,121000,0,0,0,0,0,0,0,0,240,0,0,0,0,0,0,0,0,0,0,0,2209354,3949532,1373268,0,0,1373268,0,0
bfs-urand,nobalance_thp_512K,cpu0.firsttouch0_2,10G,2.3921,4180.43,17.6,0,0,0,54,54,1,54,0,0,0,0,0,0,0,0,0,0,0,0,0,0,0,121001,0,0,0,0,0,0,0,0,0,0,0,0,0,0,0,0,0,0,0,0,1591115,3183100,0,0,0,0,0,0
bfs-urand,nobalance_thp_512K,cpu0.weightedinterleave0_2.13,10G,3.17317,3151.42,17.6,0,0,0,1,1,0,1,0,0,0,0,0,0,0,0,0,0,0,0,0,0,0,121064,0,0,0,0,0,0,0,0,0,0,0,0,0,0,0,0,0,0,0,0,1240220,3528458,0,0,0,0,0,0
bfs-urand,nobalance_thp_512K,cpu0.weightedinterleave0_2.12,10G,3.07816,3248.69,17.5,0,0,0,27,15623,703,26,0,0,0,0,0,0,25,0,0,0,0,0,0,0,0,121000,0,0,0,0,0,0,0,0,38,0,0,0,0,0,0,0,0,0,0,0,1441277,3325944,0,0,0,0,0,0
bfs-urand,nobalance_thp_512K,cpu0.weightedinterleave0_2,10G,2.91664,3428.6,17.6,0,0,0,33,16,1,16,0,0,0,0,0,0,0,0,0,0,0,0,0,0,0,121063,0,0,0,0,0,0,0,0,0,0,0,0,0,0,0,0,0,0,0,0,1471475,3288112,0,0,0,0,0,0
bfs-urand,nobalance_thp_512K,cpu0.weightedinterleave0_2.43,10G,2.73925,3650.63,17.6,0,0,0,6,780,19,6,0,0,0,0,0,0,0,0,0,0,0,0,0,0,0,121000,0,0,0,0,0,0,0,0,2,0,0,0,0,0,0,0,0,0,0,0,2033916,2730487,959049,0,0,0,0,0
bfs-urand,nobalance_thp_512K,cpu0.weightedinterleave0_2.21,10G,2.63518,3794.81,17.6,0,0,0,1,197,16,1,0,0,0,0,0,0,0,0,0,0,0,0,0,0,0,121002,0,0,0,0,0,0,0,0,0,0,0,0,0,0,0,0,0,0,0,0,2086675,2677363,1031817,0,0,0,0,0
bfs-urand,autonuma_tiering_thp_64K,cpu0.firsttouch0_2,10G,2.51799,3971.42,11.8,225319,11502607,0,739121,336249,9842652,225319,0,0,0,14230,0,0,0,0,0,0,0,0,969863,0,0,0,0,0,0,0,0,1304,0,0,0,0,0,0,0,0,0,0,0,0,0,0,2000039,3636639,80353,0,0,80353,0,0
bfs-urand,autonuma_tiering_thp_64K,cpu0.weightedinterleave0_2.13,10G,3.07169,3255.54,13.6,442058,11964369,0,747815,442058,0,442058,0,0,0,27627,0,0,0,0,0,0,0,0,969938,0,0,0,0,0,0,0,0,0,0,0,0,0,0,0,0,0,0,0,0,0,0,0,1416263,4160102,0,0,0,0,0,0
bfs-urand,autonuma_tiering_thp_64K,cpu0.weightedinterleave0_2.12,10G,2.84998,3508.8,13.5,1334674,7221131,0,464488,2825035,4021981,1334692,0,0,0,84618,0,0,0,0,0,0,0,0,969915,0,0,0,0,0,0,0,0,2795,0,0,0,0,0,0,0,0,0,0,0,0,0,0,1812397,5226222,1417558,0,0,1417558,0,0
bfs-urand,autonuma_tiering_thp_64K,cpu0.weightedinterleave0_2,10G,2.6079,3834.5,13.0,901224,6677781,0,436563,2974147,4479801,901224,0,0,0,61914,0,0,0,0,0,0,0,0,969961,0,0,0,0,0,0,0,0,2035,0,0,0,0,0,0,0,0,0,0,0,0,0,0,2495607,5068439,2033648,0,0,2033648,0,0
bfs-urand,autonuma_tiering_thp_64K,cpu0.weightedinterleave0_2.43,10G,2.62887,3803.92,12.9,1502814,6778791,0,425449,2990085,342719,1502836,0,0,0,100329,0,0,0,0,0,0,0,0,969900,0,0,0,0,0,0,0,0,1397,0,0,0,0,0,0,0,0,0,0,0,0,0,0,1930109,5076740,1450275,0,0,1450275,0,0
bfs-urand,autonuma_tiering_thp_64K,cpu0.weightedinterleave0_2.21,10G,2.86366,3492.03,12.6,130082,9953987,0,620888,130082,0,130082,0,0,0,8129,0,0,0,0,0,0,0,0,969896,0,0,0,0,0,0,0,0,0,0,0,0,0,0,0,0,0,0,0,0,0,0,0,1809189,3740253,0,0,0,0,0,0
bfs-urand,nobalance_thp_64K,cpu0.firsttouch0_2,10G,2.37298,4214.11,17.7,0,0,0,3,420,18,0,0,0,0,10,0,0,0,0,0,0,0,0,969935,0,0,0,0,0,0,0,0,0,0,0,0,0,0,0,0,0,0,0,0,0,0,0,2183209,3340054,0,0,0,0,0,0
bfs-urand,nobalance_thp_64K,cpu0.weightedinterleave0_2.13,10G,3.1181,3207.08,17.6,0,0,0,0,0,0,0,0,0,0,0,0,0,0,0,0,0,0,0,969938,0,0,0,0,0,0,0,0,0,0,0,0,0,0,0,0,0,0,0,0,0,0,0,1428882,4106987,0,0,0,0,0,0
bfs-urand,nobalance_thp_64K,cpu0.weightedinterleave0_2.12,10G,3.03086,3299.39,6.7,0,0,0,14,0,0,0,0,0,0,0,0,0,0,0,0,0,0,0,969939,0,0,0,0,0,0,0,0,0,0,0,0,0,0,0,0,0,0,0,0,0,0,0,1716226,3815478,0,0,0,0,0,0
bfs-urand,nobalance_thp_64K,cpu0.weightedinterleave0_2,10G,2.87052,3483.69,17.6,0,0,0,4,32508,706,0,0,0,0,216,0,0,0,0,0,0,0,0,970043,0,0,0,0,0,0,0,0,610,0,0,0,0,0,0,0,0,0,0,0,0,0,0,1834625,3703886,0,0,0,0,0,0
bfs-urand,nobalance_thp_64K,cpu0.weightedinterleave0_2.43,10G,2.79919,3572.46,8.7,0,0,0,0,30889,707,0,0,0,0,422,0,0,0,0,0,0,0,0,969914,0,0,0,0,0,0,0,0,466,0,0,0,0,0,0,0,0,0,0,0,0,0,0,1885997,3645483,0,0,0,0,0,0
bfs-urand,nobalance_thp_64K,cpu0.weightedinterleave0_2.21,10G,2.71297,3686.0,17.6,0,0,0,0,45495,829,0,0,0,0,486,0,0,0,0,0,0,0,0,969934,0,0,0,0,0,0,0,0,763,0,0,0,0,0,0,0,0,0,0,0,0,0,0,1949390,3579931,0,0,0,0,0,0
bfs-web,autonuma_tiering,cpu0.firsttouch0_2,10G,1.56298,6398.03,11.1,62695,3432707,0,3136716,278431,830,62695,0,0,0,0,0,0,0,0,0,0,0,0,0,0,0,0,0,0,0,0,0,0,0,0,0,0,0,0,0,0,0,0,0,0,0,0,5516715,11408931,0,0,0,0,0,0
bfs-web,autonuma_tiering,cpu0.weightedinterleave0_2.13,10G,1.41431,7070.59,1.1,746233,3291312,0,2679336,746234,0,746234,0,0,0,0,0,0,0,0,0,0,0,0,0,0,0,0,0,0,0,0,0,0,0,0,0,0,0,0,0,0,0,0,0,0,0,0,4832919,12774626,0,0,0,0,0,0
bfs-web,autonuma_tiering,cpu0.weightedinterleave0_2.12,10G,1.55257,6440.93,12.3,48699,4696633,0,4141106,199534,826,48699,0,0,0,0,0,0,0,0,0,0,0,0,0,0,0,0,0,0,0,0,0,0,0,0,0,0,0,0,0,0,0,0,0,0,0,0,4020843,12892127,0,0,0,0,0,0
bfs-web,autonuma_tiering,cpu0.weightedinterleave0_2,10G,1.51664,6593.52,12.0,32508,3710144,0,3272782,196466,826,32508,0,0,0,0,0,0,0,0,0,0,0,0,0,0,0,0,0,0,0,0,0,0,0,0,0,0,0,0,0,0,0,0,0,0,0,0,5070802,11825191,0,0,0,0,0,0
bfs-web,autonuma_tiering,cpu0.weightedinterleave0_2.43,10G,1.50647,6638.03,4.2,36504,2987890,0,2619353,138295,826,36504,0,0,0,0,0,0,0,0,0,0,0,0,0,0,0,0,0,0,0,0,0,0,0,0,0,0,0,0,0,0,0,0,0,0,0,0,5344111,11568967,0,0,0,0,0,0
bfs-web,autonuma_tiering,cpu0.weightedinterleave0_2.21,10G,1.49727,6678.82,-0.7,34915,2623699,0,2319335,189828,828,34915,0,0,0,0,0,0,0,0,0,0,0,0,0,0,0,0,0,0,0,0,0,0,0,0,0,0,0,0,0,0,0,0,0,0,0,0,6199912,10695969,0,0,0,0,0,0
bfs-web,nobalance,cpu0.firsttouch0_2,10G,1.31283,7617.13,11.1,0,0,0,6,233861,2975,0,0,0,0,0,0,0,0,0,0,0,0,0,0,0,0,0,0,0,0,0,0,0,0,0,0,0,0,0,0,0,0,0,0,0,0,0,12802696,4057138,1274272,0,0,0,0,0
bfs-web,nobalance,cpu0.weightedinterleave0_2.13,10G,1.58003,6328.99,7.0,0,0,0,7,0,0,0,0,0,0,0,0,0,0,0,0,0,0,0,0,0,0,0,0,0,0,0,0,0,0,0,0,0,0,0,0,0,0,0,0,0,0,0,4270818,12597931,0,0,0,0,0,0
bfs-web,nobalance,cpu0.weightedinterleave0_2.12,10G,1.51154,6615.77,12.3,0,0,0,7,1,0,1,0,0,0,0,0,0,0,0,0,0,0,0,0,0,0,0,0,0,0,0,0,0,0,0,0,0,0,0,0,0,0,0,0,0,0,0,5671418,11198406,0,0,0,0,0,0
bfs-web,nobalance,cpu0.weightedinterleave0_2,10G,1.42187,7032.99,12.0,0,0,0,4,108476,828,0,0,0,0,0,0,0,0,0,0,0,0,0,0,0,0,0,0,0,0,0,0,0,0,0,0,0,0,0,0,0,0,0,0,0,0,0,7856766,9006774,708454,0,0,0,0,0
bfs-web,nobalance,cpu0.weightedinterleave0_2.43,10G,1.42772,7004.17,-1.4,0,0,0,5,169272,2233,0,0,0,0,0,0,0,0,0,0,0,0,0,0,0,0,0,0,0,0,0,0,0,0,0,0,0,0,0,0,0,0,0,0,0,0,0,8160390,8701942,402259,0,0,0,0,0
bfs-web,nobalance,cpu0.weightedinterleave0_2.21,10G,1.36334,7334.93,11.8,0,0,0,2,202094,4345,0,0,0,0,0,0,0,0,0,0,0,0,0,0,0,0,0,0,0,0,0,0,0,0,0,0,0,0,0,0,0,0,0,0,0,0,0,9783262,7076163,1182621,0,0,0,0,0
bfs-web,autonuma_tiering_thp,cpu0.firsttouch0_2,10G,1.28627,7774.42,9.7,599740,2625255,5126,5818,1326074,1393823,599740,1170,0,0,0,0,0,0,0,0,24691,0,0,0,0,0,0,0,0,0,0,0,0,0,0,0,0,0,2699,0,0,0,0,0,0,0,0,1654745,3240606,10036,611517,0,10036,611517,0
bfs-web,autonuma_tiering_thp,cpu0.weightedinterleave0_2.13,10G,1.51307,6609.08,11.6,742570,4218051,8232,11710,774743,2288301,742570,1445,0,0,0,0,0,0,0,0,24669,0,0,0,0,0,0,0,0,0,0,0,0,0,0,0,0,0,4468,0,0,0,0,0,0,0,0,1119050,3193590,15019,0,0,15019,0,0
bfs-web,autonuma_tiering_thp,cpu0.weightedinterleave0_2.12,10G,1.53671,6507.41,11.4,87611,6451527,12591,16060,120978,5404118,87611,165,0,0,0,0,0,0,0,0,24669,0,0,0,0,0,0,0,0,0,0,0,0,0,0,0,0,0,10554,0,0,0,0,0,0,0,0,1468262,2847517,20035,0,0,20035,0,0
bfs-web,autonuma_tiering_thp,cpu0.weightedinterleave0_2,10G,1.50924,6625.85,11.0,62030,4658949,9092,11098,99174,3644232,62030,118,0,0,0,0,0,0,0,0,24681,0,0,0,0,0,0,0,0,0,0,0,0,0,0,0,0,0,7115,0,0,0,0,0,0,0,0,1539673,2768904,20604,0,0,20604,0,0
bfs-web,autonuma_tiering_thp,cpu0.weightedinterleave0_2.43,10G,1.52776,6545.53,10.7,60860,3874525,7565,8718,87694,3033064,60860,117,0,0,0,0,0,0,0,0,24691,0,0,0,0,0,0,0,0,0,0,0,0,0,0,0,0,0,5923,0,0,0,0,0,0,0,0,1553972,2744198,15058,0,0,15058,0,0
bfs-web,autonuma_tiering_thp,cpu0.weightedinterleave0_2.21,10G,1.45741,6861.49,10.4,61701,2999584,5854,6744,95920,2309620,61710,119,0,0,0,0,0,0,0,0,24691,0,0,0,0,0,0,0,0,0,0,0,0,0,0,0,0,0,4510,0,0,0,0,0,0,0,0,1543939,2755514,20203,0,0,20203,0,0
bfs-web,nobalance_thp,cpu0.firsttouch0_2,10G,1.35743,7366.86,9.7,0,0,0,0,0,0,0,0,0,0,0,0,0,0,0,0,24691,0,0,0,0,0,0,0,0,0,0,0,0,0,0,0,0,0,0,0,0,0,0,0,0,0,0,1630393,2637275,0,0,0,0,0,0
bfs-web,nobalance_thp,cpu0.weightedinterleave0_2.13,10G,1.54059,6491.02,11.6,0,0,0,0,0,0,0,0,0,0,0,0,0,0,0,0,24691,0,0,0,0,0,0,0,0,0,0,0,0,0,0,0,0,0,0,0,0,0,0,0,0,0,0,1116445,3163351,0,0,0,0,0,0
bfs-web,nobalance_thp,cpu0.weightedinterleave0_2.12,10G,1.47532,6778.19,11.4,0,0,0,2,0,0,0,0,0,0,0,0,0,0,0,0,24691,0,0,0,0,0,0,0,0,0,0,0,0,0,0,0,0,0,0,0,0,0,0,0,0,0,0,1467993,2812452,0,0,0,0,0,0
bfs-web,nobalance_thp,cpu0.weightedinterleave0_2,10G,1.42683,7008.54,10.9,0,0,0,0,0,0,0,0,0,0,0,0,0,0,0,0,24819,0,0,0,0,0,0,0,0,0,0,0,0,0,0,0,0,0,0,0,0,0,0,0,0,0,0,1496013,2719229,0,0,0,0,0,0
bfs-web,nobalance_thp,cpu0.weightedinterleave0_2.43,10G,1.41506,7066.84,10.7,0,0,0,1,0,0,0,0,0,0,0,0,0,0,0,0,24651,0,0,0,0,0,0,0,0,0,0,0,0,0,0,0,0,0,0,0,0,0,0,0,0,0,0,1547441,2746760,0,0,0,0,0,0
bfs-web,nobalance_thp,cpu0.weightedinterleave0_2.21,10G,1.40833,7100.61,10.5,0,0,0,0,0,0,0,0,0,0,0,0,0,0,0,0,24691,0,0,0,0,0,0,0,0,0,0,0,0,0,0,0,0,0,0,0,0,0,0,0,0,0,0,1545484,2732113,0,0,0,0,0,0
bfs-web,autonuma_tiering_thp_512K,cpu0.firsttouch0_2,10G,1.41421,7071.09,15.3,59878,4437382,0,34659,110935,3077300,59879,0,0,0,0,0,0,468,0,0,0,0,0,0,0,0,99754,0,0,0,0,0,0,0,0,177,0,0,0,0,0,0,0,0,0,0,0,1528507,2698018,20247,0,0,20247,0,0
bfs-web,autonuma_tiering_thp_512K,cpu0.weightedinterleave0_2.13,10G,1.45273,6883.59,15.3,736470,4113778,0,33405,768695,1571132,736486,0,0,0,0,0,0,5740,0,0,0,0,0,0,0,0,99628,0,0,0,0,0,0,0,0,97,0,0,0,0,0,0,0,0,0,0,0,1105812,3137939,14942,0,0,14942,0,0
bfs-web,autonuma_tiering_thp_512K,cpu0.weightedinterleave0_2.12,10G,1.50546,6642.49,15.3,49657,6058842,0,47595,108505,4028452,49658,0,0,0,0,0,0,381,0,0,0,0,0,0,0,0,99536,0,0,0,0,0,0,0,0,164,0,0,0,0,0,0,0,0,0,0,0,1451672,2816382,29453,0,0,29453,0,0
bfs-web,autonuma_tiering_thp_512K,cpu0.weightedinterleave0_2,10G,1.44906,6901.03,15.4,43279,4400887,0,34434,83012,3048858,43281,0,0,0,0,0,0,333,0,0,0,0,0,0,0,0,99500,0,0,0,0,0,0,0,0,110,0,0,0,0,0,0,0,0,0,0,0,1494102,2767304,20211,0,0,20211,0,0
bfs-web,autonuma_tiering_thp_512K,cpu0.weightedinterleave0_2.43,10G,1.35008,7406.97,15.3,208157,3047431,0,23038,1641792,1660670,208158,0,0,0,0,0,0,1629,0,0,0,0,0,0,0,0,99547,0,0,0,0,0,0,0,0,351,0,0,0,0,0,0,0,0,0,0,0,2160733,3463322,1379053,0,0,1379053,0,0
bfs-web,autonuma_tiering_thp_512K,cpu0.weightedinterleave0_2.21,10G,1.45364,6879.28,15.3,56798,2956870,0,23092,127747,1952414,56800,0,0,0,0,0,0,445,0,0,0,0,0,0,0,0,99501,0,0,0,0,0,0,0,0,237,0,0,0,0,0,0,0,0,0,0,0,1498875,2772160,29922,0,0,29922,0,0
bfs-web,nobalance_thp_512K,cpu0.firsttouch0_2,10G,1.34343,7443.63,15.3,0,0,0,81,76,2,76,0,0,0,0,0,0,0,0,0,0,0,0,0,0,0,99666,0,0,0,0,0,0,0,0,0,0,0,0,0,0,0,0,0,0,0,0,2139756,2069750,1123819,0,0,0,0,0
bfs-web,nobalance_thp_512K,cpu0.weightedinterleave0_2.13,10G,1.56191,6402.42,15.4,0,0,0,0,0,0,0,0,0,0,0,0,0,0,0,0,0,0,0,0,0,0,99538,0,0,0,0,0,0,0,0,0,0,0,0,0,0,0,0,0,0,0,0,1101422,3122513,0,0,0,0,0,0
bfs-web,nobalance_thp_512K,cpu0.weightedinterleave0_2.12,10G,1.50493,6644.83,15.3,0,0,0,11,9488,1198,11,0,0,0,0,0,0,4,0,0,0,0,0,0,0,0,99951,0,0,0,0,0,0,0,0,28,0,0,0,0,0,0,0,0,0,0,0,1419872,2755415,0,0,0,0,0,0
bfs-web,nobalance_thp_512K,cpu0.weightedinterleave0_2,10G,1.4522,6886.1,15.3,0,0,0,127,15720,704,7,0,0,0,0,0,0,14,0,0,0,0,0,0,0,0,99500,0,0,0,0,0,0,0,0,35,0,0,0,0,0,0,0,0,0,0,0,1460981,2768921,0,0,0,0,0,0
bfs-web,nobalance_thp_512K,cpu0.weightedinterleave0_2.43,10G,1.43428,6972.14,15.3,0,0,0,2,18481,705,1,0,0,0,0,0,0,17,0,0,0,0,0,0,0,0,99604,0,0,0,0,0,0,0,0,44,0,0,0,0,0,0,0,0,0,0,0,1465165,2751916,0,0,0,0,0,0
bfs-web,nobalance_thp_512K,cpu0.weightedinterleave0_2.21,10G,1.47256,6790.89,15.3,0,0,0,0,17993,724,0,0,0,0,0,0,0,17,0,0,0,0,0,0,0,0,99500,0,0,0,0,0,0,0,0,47,0,0,0,0,0,0,0,0,0,0,0,1490659,2743088,0,0,0,0,0,0
bfs-web,autonuma_tiering_thp_64K,cpu0.firsttouch0_2,10G,1.48808,6720.07,9.7,71357,4027462,0,241482,71359,0,71359,0,0,0,4458,0,0,0,0,0,0,0,0,800054,0,0,0,0,0,0,0,0,0,0,0,0,0,0,0,0,0,0,0,0,0,0,0,1789017,3107796,0,0,0,0,0,0
bfs-web,autonuma_tiering_thp_64K,cpu0.weightedinterleave0_2.13,10G,1.40923,7096.07,11.4,740525,3758665,0,211014,740525,0,740525,0,0,0,46271,0,0,0,0,0,0,0,0,799952,0,0,0,0,0,0,0,0,1,0,0,0,0,0,0,0,0,0,0,0,0,0,0,1260092,3667497,0,0,0,0,0,0
bfs-web,autonuma_tiering_thp_64K,cpu0.weightedinterleave0_2.12,10G,1.51989,6579.42,11.3,41355,5866346,0,342671,41369,0,41369,0,0,0,2584,0,0,0,0,0,0,0,0,800154,0,0,0,0,0,0,0,0,0,0,0,0,0,0,0,0,0,0,0,0,0,0,0,1573881,3312182,0,0,0,0,0,0
bfs-web,autonuma_tiering_thp_64K,cpu0.weightedinterleave0_2,10G,1.48194,6747.91,10.8,36782,4369723,0,255662,36794,0,36794,0,0,0,2298,0,0,0,0,0,0,0,0,800105,0,0,0,0,0,0,0,0,0,0,0,0,0,0,0,0,0,0,0,0,0,0,0,1665318,3225799,0,0,0,0,0,0
bfs-web,autonuma_tiering_thp_64K,cpu0.weightedinterleave0_2.43,10G,1.46551,6823.56,10.6,39043,3464094,0,203756,39043,0,39043,0,0,0,2439,0,0,0,0,0,0,0,0,799999,0,0,0,0,0,0,0,0,0,0,0,0,0,0,0,0,0,0,0,0,0,0,0,1699370,3190698,0,0,0,0,0,0
bfs-web,autonuma_tiering_thp_64K,cpu0.weightedinterleave0_2.21,10G,1.45351,6879.9,10.4,42987,2896393,0,168839,42987,0,42987,0,0,0,2686,0,0,0,0,0,0,0,0,800625,0,0,0,0,0,0,0,0,0,0,0,0,0,0,0,0,0,0,0,0,0,0,0,1828581,3152312,0,0,0,0,0,0
bfs-web,nobalance_thp_64K,cpu0.firsttouch0_2,10G,1.40694,7107.62,15.4,0,0,0,0,17719,701,0,0,0,0,191,0,0,0,0,0,0,0,0,800116,0,0,0,0,0,0,0,0,271,0,0,0,0,0,0,0,0,0,0,0,0,0,0,2065629,2807499,0,0,0,0,0,0
bfs-web,nobalance_thp_64K,cpu0.weightedinterleave0_2.13,10G,1.55577,6427.69,15.4,0,0,0,0,0,0,0,0,0,0,0,0,0,0,0,0,0,0,0,800379,0,0,0,0,0,0,0,0,0,0,0,0,0,0,0,0,0,0,0,0,0,0,0,1265645,3605428,0,0,0,0,0,0
bfs-web,nobalance_thp_64K,cpu0.weightedinterleave0_2.12,10G,1.49182,6703.22,15.3,0,0,0,0,0,0,0,0,0,0,0,0,0,0,0,0,0,0,0,800055,0,0,0,0,0,0,0,0,0,0,0,0,0,0,0,0,0,0,0,0,0,0,0,1667732,3208072,0,0,0,0,0,0
bfs-web,nobalance_thp_64K,cpu0.weightedinterleave0_2,10G,1.44682,6911.71,15.3,0,0,0,2,0,0,0,0,0,0,0,0,0,0,0,0,0,0,0,800159,0,0,0,0,0,0,0,0,0,0,0,0,0,0,0,0,0,0,0,0,0,0,0,1772043,3098875,0,0,0,0,0,0
bfs-web,nobalance_thp_64K,cpu0.weightedinterleave0_2.43,10G,1.42906,6997.61,15.3,0,0,0,0,0,0,0,0,0,0,0,0,0,0,0,0,0,0,0,800096,0,0,0,0,0,0,0,0,0,0,0,0,0,0,0,0,0,0,0,0,0,0,0,1811165,3057867,0,0,0,0,0,0
bfs-web,nobalance_thp_64K,cpu0.weightedinterleave0_2.21,10G,1.44639,6913.76,15.4,0,0,0,4,0,0,0,0,0,0,0,0,0,0,0,0,0,0,0,800023,0,0,0,0,0,0,0,0,0,0,0,0,0,0,0,0,0,0,0,0,0,0,0,1856576,3013072,0,0,0,0,0,0
cc-urand,autonuma_tiering,cpu0.firsttouch0_2,10G,8.68324,1151.64,13.1,113181,12397483,0,12331954,353739,1823,113183,0,0,0,0,0,0,0,0,0,0,0,0,0,0,0,0,0,0,0,0,0,0,0,0,0,0,0,0,0,0,0,0,0,0,0,0,4948862,6502772,0,0,0,0,0,0
cc-urand,autonuma_tiering,cpu0.weightedinterleave0_2.13,10G,12.26657,815.22,14.2,473443,11149775,0,10991178,473445,0,473445,0,0,0,0,0,0,0,0,0,0,0,0,0,0,0,0,0,0,0,0,0,0,0,0,0,0,0,0,0,0,0,0,0,0,0,0,3024982,8803850,0,0,0,0,0,0
cc-urand,autonuma_tiering,cpu0.weightedinterleave0_2.12,10G,11.05156,904.85,14.1,41850,11597463,0,11444492,273814,826,41867,0,0,0,0,0,0,0,0,0,0,0,0,0,0,0,0,0,0,0,0,0,0,0,0,0,0,0,0,0,0,0,0,0,0,0,0,3398918,7984867,0,0,0,0,0,0
cc-urand,autonuma_tiering,cpu0.weightedinterleave0_2,10G,10.5243,950.18,8.7,59980,9394386,0,9394405,306324,827,59980,0,0,0,0,0,0,0,0,0,0,0,0,0,0,0,0,0,0,0,0,0,0,0,0,0,0,0,0,0,0,0,0,0,0,0,0,3873117,7531881,0,0,0,0,0,0
cc-urand,autonuma_tiering,cpu0.weightedinterleave0_2.43,10G,9.98777,1001.22,13.8,74189,9289540,0,9224014,253530,881,74189,0,0,0,0,0,0,0,0,0,0,0,0,0,0,0,0,0,0,0,0,0,0,0,0,0,0,0,0,0,0,0,0,0,0,0,0,4009602,7409374,0,0,0,0,0,0
cc-urand,autonuma_tiering,cpu0.weightedinterleave0_2.21,10G,9.88383,1011.75,7.0,74365,9465296,0,9465302,283869,826,74366,0,0,0,0,0,0,0,0,0,0,0,0,0,0,0,0,0,0,0,0,0,0,0,0,0,0,0,0,0,0,0,0,0,0,0,0,4198854,7216445,0,0,0,0,0,0
cc-urand,nobalance,cpu0.firsttouch0_2,10G,8.42362,1187.14,4.7,0,0,0,4,225304,1654,0,0,0,0,0,0,0,0,0,0,0,0,0,0,0,0,0,0,0,0,0,0,0,0,0,0,0,0,0,0,0,0,0,0,0,0,0,6146797,5195216,1276219,0,0,0,0,0
cc-urand,nobalance,cpu0.weightedinterleave0_2.13,10G,11.37941,878.78,14.2,0,0,0,5,0,0,0,0,0,0,0,0,0,0,0,0,0,0,0,0,0,0,0,0,0,0,0,0,0,0,0,0,0,0,0,0,0,0,0,0,0,0,0,2898010,8465572,0,0,0,0,0,0
cc-urand,nobalance,cpu0.weightedinterleave0_2.12,10G,10.795,926.35,-0.7,0,0,0,7,163846,1530,1,0,0,0,0,0,0,0,0,0,0,0,0,0,0,0,0,0,0,0,0,0,0,0,0,0,0,0,0,0,0,0,0,0,0,0,0,3730813,7632012,243366,0,0,0,0,0
cc-urand,nobalance,cpu0.weightedinterleave0_2,10G,10.19296,981.07,4.5,0,0,0,3,346497,3118,0,0,0,0,0,0,0,0,0,0,0,0,0,0,0,0,0,0,0,0,0,0,0,0,0,0,0,0,0,0,0,0,0,0,0,0,0,3838014,7521209,0,0,0,0,0,0
cc-urand,nobalance,cpu0.weightedinterleave0_2.43,10G,9.57292,1044.61,13.7,0,0,0,5,188498,1726,0,0,0,0,0,0,0,0,0,0,0,0,0,0,0,0,0,0,0,0,0,0,0,0,0,0,0,0,0,0,0,0,0,0,0,0,0,5140575,6217662,1172610,0,0,0,0,0
cc-urand,nobalance,cpu0.weightedinterleave0_2.21,10G,9.27,1078.75,-0.5,0,0,0,2,215097,1651,0,0,0,0,0,0,0,0,0,0,0,0,0,0,0,0,0,0,0,0,0,0,0,0,0,0,0,0,0,0,0,0,0,0,0,0,0,5384135,5971711,1203433,0,0,0,0,0
cc-urand,autonuma_tiering_thp,cpu0.firsttouch0_2,10G,7.31917,1366.28,11.8,134676,7697937,15035,14663,170235,2457874,134676,263,0,0,0,0,0,0,0,0,13295,0,0,0,0,0,0,0,0,0,0,0,0,0,0,0,0,0,4800,0,0,0,0,0,0,0,0,1433221,3131717,10024,12142,0,10024,12142,0
cc-urand,autonuma_tiering_thp,cpu0.weightedinterleave0_2.13,10G,9.38763,1065.23,13.7,483234,7985076,15595,16174,510709,1614737,483234,943,0,0,0,0,0,0,0,0,13295,0,0,0,0,0,0,0,0,0,0,0,0,0,0,0,0,0,3153,0,0,0,0,0,0,0,0,1174305,3387236,16910,0,0,16910,0,0
cc-urand,autonuma_tiering_thp,cpu0.weightedinterleave0_2.12,10G,9.47557,1055.35,13.6,60787,9011593,17600,18079,96861,2612574,60787,118,0,0,0,0,0,0,0,0,13295,0,0,0,0,0,0,0,0,0,0,0,0,0,0,0,0,0,5101,0,0,0,0,0,0,0,0,1423736,3139843,20566,0,0,20566,0,0
cc-urand,autonuma_tiering_thp,cpu0.weightedinterleave0_2,10G,9.04853,1105.15,13.1,80612,9738552,19020,19193,115043,2510508,80612,157,0,0,0,0,0,0,0,0,13295,0,0,0,0,0,0,0,0,0,0,0,0,0,0,0,0,0,4902,0,0,0,0,0,0,0,0,1425886,3139063,20585,0,0,20585,0,0
cc-urand,autonuma_tiering_thp,cpu0.weightedinterleave0_2.43,10G,8.54762,1169.92,12.9,83108,7293695,14245,14403,101909,1895006,83108,162,0,0,0,0,0,0,0,0,13295,0,0,0,0,0,0,0,0,0,0,0,0,0,0,0,0,0,3701,0,0,0,0,0,0,0,0,1425455,3125893,10061,0,0,10061,0,0
cc-urand,autonuma_tiering_thp,cpu0.weightedinterleave0_2.21,10G,8.14901,1227.14,12.6,92346,6764232,13211,13376,102402,1781819,92351,180,0,0,0,0,0,0,0,0,13295,0,0,0,0,0,0,0,0,0,0,0,0,0,0,0,0,0,3480,0,0,0,0,0,0,0,0,1424298,3123995,10051,0,0,10051,0,0
cc-urand,nobalance_thp,cpu0.firsttouch0_2,10G,7.47934,1337.02,12.1,0,0,0,0,0,0,0,0,0,0,0,0,0,0,0,0,13295,0,0,0,0,0,0,0,0,0,0,0,0,0,0,0,0,0,0,0,0,0,0,0,0,0,0,1408006,3128713,0,0,0,0,0,0
cc-urand,nobalance_thp,cpu0.weightedinterleave0_2.13,10G,9.82469,1017.84,13.7,0,0,0,0,0,0,0,0,0,0,0,0,0,0,0,0,13295,0,0,0,0,0,0,0,0,0,0,0,0,0,0,0,0,0,0,0,0,0,0,0,0,0,0,1173995,3370047,0,0,0,0,0,0
cc-urand,nobalance_thp,cpu0.weightedinterleave0_2.12,10G,9.27481,1078.19,13.6,0,0,0,1,0,0,0,0,0,0,0,0,0,0,0,0,13295,0,0,0,0,0,0,0,0,0,0,0,0,0,0,0,0,0,0,0,0,0,0,0,0,0,0,1401672,3141653,0,0,0,0,0,0
cc-urand,nobalance_thp,cpu0.weightedinterleave0_2,10G,8.76081,1141.45,13.1,0,0,0,0,0,0,0,0,0,0,0,0,0,0,0,0,13295,0,0,0,0,0,0,0,0,0,0,0,0,0,0,0,0,0,0,0,0,0,0,0,0,0,0,1407582,3134322,0,0,0,0,0,0
cc-urand,nobalance_thp,cpu0.weightedinterleave0_2.43,10G,8.42333,1187.18,13.0,0,0,0,0,0,0,0,0,0,0,0,0,0,0,0,0,13295,0,0,0,0,0,0,0,0,0,0,0,0,0,0,0,0,0,0,0,0,0,0,0,0,0,0,1403300,3133363,0,0,0,0,0,0
cc-urand,nobalance_thp,cpu0.weightedinterleave0_2.21,10G,8.26249,1210.29,12.6,0,0,0,0,0,0,0,0,0,0,0,0,0,0,0,0,13299,0,0,0,0,0,0,0,0,0,0,0,0,0,0,0,0,0,0,0,0,0,0,0,0,0,0,1434502,3133895,0,0,0,0,0,0
cc-urand,autonuma_tiering_thp_512K,cpu0.firsttouch0_2,10G,8.65928,1154.83,17.5,144671,10228627,0,77629,186731,2557918,144672,0,0,0,0,0,0,1132,0,0,0,0,0,0,0,0,53232,0,0,0,0,0,0,0,0,127,0,0,0,0,0,0,0,0,0,0,0,1425808,3169140,19949,0,0,19949,0,0
cc-urand,autonuma_tiering_thp_512K,cpu0.weightedinterleave0_2.13,10G,11.02995,906.62,17.5,454415,9109902,0,71293,512172,1366722,454416,0,0,0,0,0,0,3550,0,0,0,0,0,0,0,0,53247,0,0,0,0,0,0,0,0,209,0,0,0,0,0,0,0,0,0,0,0,1221827,3420324,25138,0,0,25138,0,0
cc-urand,autonuma_tiering_thp_512K,cpu0.weightedinterleave0_2.12,10G,10.89313,918.01,17.5,62902,9045900,0,70408,102143,1930938,62915,0,0,0,0,0,0,493,0,0,0,0,0,0,0,0,53232,0,0,0,0,0,0,0,0,104,0,0,0,0,0,0,0,0,0,0,0,1423905,3184949,19862,0,0,19862,0,0
cc-urand,autonuma_tiering_thp_512K,cpu0.weightedinterleave0_2,10G,10.29487,971.36,17.5,85845,9120599,0,71258,127288,2132653,85859,0,0,0,0,0,0,670,0,0,0,0,0,0,0,0,53231,0,0,0,0,0,0,0,0,116,0,0,0,0,0,0,0,0,0,0,0,1419881,3183351,20328,0,0,20328,0,0
cc-urand,autonuma_tiering_thp_512K,cpu0.weightedinterleave0_2.43,10G,9.72859,1027.9,5.6,93237,7198816,0,55915,1492646,1636386,93246,0,0,0,0,0,0,729,0,0,0,0,0,0,0,0,53232,0,0,0,0,0,0,0,0,175,0,0,0,0,0,0,0,0,0,0,0,2148449,3796945,1366226,0,0,1366226,0,0
cc-urand,autonuma_tiering_thp_512K,cpu0.weightedinterleave0_2.21,10G,9.56197,1045.81,17.5,112723,8925778,0,68937,176919,2357321,112726,0,0,0,0,0,0,880,0,0,0,0,0,0,0,0,53231,0,0,0,0,0,0,0,0,189,0,0,0,0,0,0,0,0,0,0,0,1426056,3187536,30244,0,0,30244,0,0
cc-urand,nobalance_thp_512K,cpu0.firsttouch0_2,10G,8.82713,1132.87,17.5,0,0,0,0,0,1,0,0,0,0,0,0,0,0,0,0,0,0,0,0,0,0,53231,0,0,0,0,0,0,0,0,0,0,0,0,0,0,0,0,0,0,0,0,1396350,3180814,0,0,0,0,0,0
cc-urand,nobalance_thp_512K,cpu0.weightedinterleave0_2.13,10G,11.30641,884.45,17.5,0,0,0,0,0,0,0,0,0,0,0,0,0,0,0,0,0,0,0,0,0,0,53233,0,0,0,0,0,0,0,0,0,0,0,0,0,0,0,0,0,0,0,0,1195448,3395136,0,0,0,0,0,0
cc-urand,nobalance_thp_512K,cpu0.weightedinterleave0_2.12,10G,10.91483,916.18,17.5,0,0,0,3,26683,700,3,0,0,0,0,0,0,15,0,0,0,0,0,0,0,0,53231,0,0,0,0,0,0,0,0,49,0,0,0,0,0,0,0,0,0,0,0,1388133,3199391,0,0,0,0,0,0
cc-urand,nobalance_thp_512K,cpu0.weightedinterleave0_2,10G,10.29584,971.27,17.5,0,0,0,70,70,1,70,0,0,0,0,0,0,0,0,0,0,0,0,0,0,0,53232,0,0,0,0,0,0,0,0,0,0,0,0,0,0,0,0,0,0,0,0,1386025,3196261,0,0,0,0,0,0
cc-urand,nobalance_thp_512K,cpu0.weightedinterleave0_2.43,10G,10.02093,997.91,17.5,0,0,0,0,0,1,0,0,0,0,0,0,0,0,0,0,0,0,0,0,0,0,53231,0,0,0,0,0,0,0,0,0,0,0,0,0,0,0,0,0,0,0,0,1388704,3195539,0,0,0,0,0,0
cc-urand,nobalance_thp_512K,cpu0.weightedinterleave0_2.21,10G,9.46184,1056.88,17.5,0,0,0,0,0,2,0,0,0,0,0,0,0,0,0,0,0,0,0,0,0,0,53231,0,0,0,0,0,0,0,0,0,0,0,0,0,0,0,0,0,0,0,0,1894142,2689944,845526,0,0,0,0,0
cc-urand,autonuma_tiering_thp_64K,cpu0.firsttouch0_2,10G,8.69487,1150.1,11.8,128438,10289607,0,626487,128438,0,128438,0,0,0,8027,0,0,0,0,0,0,0,0,426335,0,0,0,0,0,0,0,0,0,0,0,0,0,0,0,0,0,0,0,0,0,0,0,1635681,3329034,0,0,0,0,0,0
cc-urand,autonuma_tiering_thp_64K,cpu0.weightedinterleave0_2.13,10G,11.19048,893.62,1.0,432992,9950156,0,596277,432992,0,432992,0,0,0,27060,0,0,0,0,0,0,0,0,426426,0,0,0,0,0,0,0,0,0,0,0,0,0,0,0,0,0,0,0,0,0,0,0,1324639,3674521,0,0,0,0,0,0
cc-urand,autonuma_tiering_thp_64K,cpu0.weightedinterleave0_2.12,10G,10.81448,924.69,13.4,46848,9524134,0,583076,46848,0,46848,0,0,0,2927,0,0,0,0,0,0,0,0,426413,0,0,0,0,0,0,0,0,0,0,0,0,0,0,0,0,0,0,0,0,0,0,0,1550515,3420701,0,0,0,0,0,0
cc-urand,autonuma_tiering_thp_64K,cpu0.weightedinterleave0_2,10G,10.2393,976.63,13.0,66463,9401349,0,587637,66463,0,66463,0,0,0,4153,0,0,0,0,0,0,0,0,426391,0,0,0,0,0,0,0,0,0,0,0,0,0,0,0,0,0,0,0,0,0,0,0,1570568,3399228,0,0,0,0,0,0
cc-urand,autonuma_tiering_thp_64K,cpu0.weightedinterleave0_2.43,10G,9.88251,1011.89,12.7,73470,9697192,0,589799,73479,0,73479,0,0,0,4591,0,0,0,0,0,0,0,0,426434,0,0,0,0,0,0,0,0,0,0,0,0,0,0,0,0,0,0,0,0,0,0,0,1584606,3388455,0,0,0,0,0,0
cc-urand,autonuma_tiering_thp_64K,cpu0.weightedinterleave0_2.21,10G,9.62596,1038.86,-3.5,85371,9930623,0,603463,85371,0,85371,0,0,0,5335,0,0,0,0,0,0,0,0,426370,0,0,0,0,0,0,0,0,0,0,0,0,0,0,0,0,0,0,0,0,0,0,0,1594506,4059584,0,0,0,0,0,0
cc-urand,nobalance_thp_64K,cpu0.firsttouch0_2,10G,8.49202,1177.58,17.5,0,0,0,0,41317,708,0,0,0,0,494,0,0,0,0,0,0,0,0,426352,0,0,0,0,0,0,0,0,577,0,0,0,0,0,0,0,0,0,0,0,0,0,0,1604119,3341465,0,0,0,0,0,0
cc-urand,nobalance_thp_64K,cpu0.weightedinterleave0_2.13,10G,11.26869,887.41,17.5,0,0,0,3,0,0,0,0,0,0,0,0,0,0,0,0,0,0,0,426395,0,0,0,0,0,0,0,0,0,0,0,0,0,0,0,0,0,0,0,0,0,0,0,1283224,3673431,0,0,0,0,0,0
cc-urand,nobalance_thp_64K,cpu0.weightedinterleave0_2.12,10G,10.88733,918.5,1.1,0,0,0,0,0,0,0,0,0,0,0,0,0,0,0,0,0,0,0,426345,0,0,0,0,0,0,0,0,0,0,0,0,0,0,0,0,0,0,0,0,0,0,0,1517872,3433446,0,0,0,0,0,0
cc-urand,nobalance_thp_64K,cpu0.weightedinterleave0_2,10G,10.30722,970.19,17.5,0,0,0,1,0,0,0,0,0,0,0,0,0,0,0,0,0,0,0,426470,0,0,0,0,0,0,0,0,0,0,0,0,0,0,0,0,0,0,0,0,0,0,0,1546246,3409569,0,0,0,0,0,0
cc-urand,nobalance_thp_64K,cpu0.weightedinterleave0_2.43,10G,9.99647,1000.35,17.5,0,0,0,0,26306,702,0,0,0,0,330,0,0,0,0,0,0,0,0,426393,0,0,0,0,0,0,0,0,631,0,0,0,0,0,0,0,0,0,0,0,0,0,0,1556214,3397752,0,0,0,0,0,0
cc-urand,nobalance_thp_64K,cpu0.weightedinterleave0_2.21,10G,9.67829,1033.24,17.5,0,0,0,0,32096,707,0,0,0,0,571,0,0,0,0,0,0,0,0,426340,0,0,0,0,0,0,0,0,559,0,0,0,0,0,0,0,0,0,0,0,0,0,0,1561748,3387029,0,0,0,0,0,0
cc-web,autonuma_tiering,cpu0.firsttouch0_2,10G,0.77916,12834.33,-3.3,35826,6468812,0,4889888,207867,826,35827,0,0,0,0,0,0,0,0,0,0,0,0,0,0,0,0,0,0,0,0,0,0,0,0,0,0,0,0,0,0,0,0,0,0,0,0,15186658,5652897,0,0,0,0,0,0
cc-web,autonuma_tiering,cpu0.weightedinterleave0_2.13,10G,0.96841,10326.2,12.3,706443,7689440,0,6491584,706443,0,706443,0,0,0,0,0,0,0,0,0,0,0,0,0,0,0,0,0,0,0,0,0,0,0,0,0,0,0,0,0,0,0,0,0,0,0,0,4959396,16562746,0,0,0,0,0,0
cc-web,autonuma_tiering,cpu0.weightedinterleave0_2.12,10G,1.07304,9319.32,3.8,36868,8448828,0,7379133,245533,826,36879,0,0,0,0,0,0,0,0,0,0,0,0,0,0,0,0,0,0,0,0,0,0,0,0,0,0,0,0,0,0,0,0,0,0,0,0,6548778,14310883,0,0,0,0,0,0
cc-web,autonuma_tiering,cpu0.weightedinterleave0_2,10G,0.94373,10596.25,12.0,25251,7202213,0,5878651,125514,828,25262,0,0,0,0,0,0,0,0,0,0,0,0,0,0,0,0,0,0,0,0,0,0,0,0,0,0,0,0,0,0,0,0,0,0,0,0,8753301,12113840,0,0,0,0,0,0
cc-web,autonuma_tiering,cpu0.weightedinterleave0_2.43,10G,0.92516,10808.94,11.9,32948,8546392,0,7103798,217221,826,32959,0,0,0,0,0,0,0,0,0,0,0,0,0,0,0,0,0,0,0,0,0,0,0,0,0,0,0,0,0,0,0,0,0,0,0,0,7584521,13263790,0,0,0,0,0,0
cc-web,autonuma_tiering,cpu0.weightedinterleave0_2.21,10G,0.84533,11829.7,11.8,29987,7052520,0,5478405,211333,1040,29992,0,0,0,0,0,0,0,0,0,0,0,0,0,0,0,0,0,0,0,0,0,0,0,0,0,0,0,0,0,0,0,0,0,0,0,0,9332871,11503635,0,0,0,0,0,0
cc-web,nobalance,cpu0.firsttouch0_2,10G,0.71715,13944.08,11.1,0,0,0,3,210491,3764,0,0,0,0,0,0,0,0,0,0,0,0,0,0,0,0,0,0,0,0,0,0,0,0,0,0,0,0,0,0,0,0,0,0,0,0,0,16756144,4050255,1283755,0,0,0,0,0
cc-web,nobalance,cpu0.weightedinterleave0_2.13,10G,1.13221,8832.28,8.0,0,0,0,3,1,0,1,0,0,0,0,0,0,0,0,0,0,0,0,0,0,0,0,0,0,0,0,0,0,0,0,0,0,0,0,0,0,0,0,0,0,0,0,5278060,15549909,0,0,0,0,0,0
cc-web,nobalance,cpu0.weightedinterleave0_2.12,10G,1.06478,9391.61,12.7,0,0,0,9,0,0,0,0,0,0,0,0,0,0,0,0,0,0,0,0,0,0,0,0,0,0,0,0,0,0,0,0,0,0,0,0,0,0,0,0,0,0,0,7014063,13821871,0,0,0,0,0,0
cc-web,nobalance,cpu0.weightedinterleave0_2,10G,0.93392,10707.56,12.0,0,0,0,5,187088,2236,0,0,0,0,0,0,0,0,0,0,0,0,0,0,0,0,0,0,0,0,0,0,0,0,0,0,0,0,0,0,0,0,0,0,0,0,0,10281158,10980625,721485,0,0,0,0,0
cc-web,nobalance,cpu0.weightedinterleave0_2.43,10G,0.87662,11407.45,-0.4,0,0,0,6,136861,827,0,0,0,0,0,0,0,0,0,0,0,0,0,0,0,0,0,0,0,0,0,0,0,0,0,0,0,0,0,0,0,0,0,0,0,0,0,10039766,10776458,0,0,0,0,0,0
cc-web,nobalance,cpu0.weightedinterleave0_2.21,10G,0.80876,12364.61,11.8,0,0,0,0,243110,4298,0,0,0,0,0,0,0,0,0,0,0,0,0,0,0,0,0,0,0,0,0,0,0,0,0,0,0,0,0,0,0,0,0,0,0,0,0,12431156,8376247,1185943,0,0,0,0,0
cc-web,autonuma_tiering_thp,cpu0.firsttouch0_2,10G,0.6636,15069.32,9.6,139293,7407739,14465,15224,389732,6341136,139293,269,0,0,0,0,0,0,0,0,32514,0,0,0,0,0,0,0,0,0,0,0,0,0,0,0,0,0,12360,0,0,0,0,0,0,0,0,1553241,2760005,20664,120629,0,20664,120629,0
cc-web,autonuma_tiering_thp,cpu0.weightedinterleave0_2.13,10G,0.86134,11609.82,11.5,729188,7746448,15126,16621,756715,6287454,729201,1421,0,0,0,0,0,0,0,0,32514,0,0,0,0,0,0,0,0,0,0,0,0,0,0,0,0,0,12279,0,0,0,0,0,0,0,0,1099356,3101620,15043,0,0,15043,0,0
cc-web,autonuma_tiering_thp,cpu0.weightedinterleave0_2.12,10G,0.94903,10537.07,11.4,66473,8814772,17213,18430,101291,8097591,66483,127,0,0,0,0,0,0,0,0,32514,0,0,0,0,0,0,0,0,0,0,0,0,0,0,0,0,0,15814,0,0,0,0,0,0,0,0,1468288,2763563,20097,0,0,20097,0,0
cc-web,autonuma_tiering_thp,cpu0.weightedinterleave0_2,10G,0.83721,11944.43,10.9,30103,7293569,14242,15113,50349,6575947,30103,56,0,0,0,0,0,0,0,0,32514,0,0,0,0,0,0,0,0,0,0,0,0,0,0,0,0,0,12843,0,0,0,0,0,0,0,0,1496058,2691943,10126,0,0,10126,0,0
cc-web,autonuma_tiering_thp,cpu0.weightedinterleave0_2.43,10G,0.80072,12488.76,10.7,31530,6944664,13559,14170,63444,6204244,31535,59,0,0,0,0,0,0,0,0,32514,0,0,0,0,0,0,0,0,0,0,0,0,0,0,0,0,0,12117,0,0,0,0,0,0,0,0,1506408,2692527,20300,0,0,20300,0,0
cc-web,autonuma_tiering_thp,cpu0.weightedinterleave0_2.21,10G,0.72184,13853.49,10.4,36576,4862299,9495,9705,1473340,4272298,36578,70,0,0,0,0,0,0,0,0,32514,0,0,0,0,0,0,0,0,0,0,0,0,0,0,0,0,0,8339,0,0,0,0,0,0,0,0,2295239,3291644,1414040,0,0,1414040,0,0
cc-web,nobalance_thp,cpu0.firsttouch0_2,10G,0.68003,14705.23,9.7,0,0,0,1,0,0,0,0,0,0,0,0,0,0,0,0,32514,0,0,0,0,0,0,0,0,0,0,0,0,0,0,0,0,0,0,0,0,0,0,0,0,0,0,1528645,2640410,0,0,0,0,0,0
cc-web,nobalance_thp,cpu0.weightedinterleave0_2.13,10G,1.0276,9731.41,11.6,0,0,0,1,0,0,0,0,0,0,0,0,0,0,0,0,32514,0,0,0,0,0,0,0,0,0,0,0,0,0,0,0,0,0,0,0,0,0,0,0,0,0,0,1108990,3085424,0,0,0,0,0,0
cc-web,nobalance_thp,cpu0.weightedinterleave0_2.12,10G,0.95394,10482.84,11.4,0,0,0,0,0,0,0,0,0,0,0,0,0,0,0,0,32514,0,0,0,0,0,0,0,0,0,0,0,0,0,0,0,0,0,0,0,0,0,0,0,0,0,0,1453415,2742298,0,0,0,0,0,0
cc-web,nobalance_thp,cpu0.weightedinterleave0_2,10G,0.83882,11921.51,10.9,0,0,0,0,0,0,0,0,0,0,0,0,0,0,0,0,32514,0,0,0,0,0,0,0,0,0,0,0,0,0,0,0,0,0,0,0,0,0,0,0,0,0,0,1476800,2702146,0,0,0,0,0,0
cc-web,nobalance_thp,cpu0.weightedinterleave0_2.43,10G,0.79939,12509.54,10.6,0,0,0,0,0,0,0,0,0,0,0,0,0,0,0,0,32514,0,0,0,0,0,0,0,0,0,0,0,0,0,0,0,0,0,0,0,0,0,0,0,0,0,0,1480167,2691981,0,0,0,0,0,0
cc-web,nobalance_thp,cpu0.weightedinterleave0_2.21,10G,0.72777,13740.6,10.5,0,0,0,3,0,0,0,0,0,0,0,0,0,0,0,0,32514,0,0,0,0,0,0,0,0,0,0,0,0,0,0,0,0,0,0,0,0,0,0,0,0,0,0,1479287,2697376,0,0,0,0,0,0
cc-web,autonuma_tiering_thp_512K,cpu0.firsttouch0_2,10G,0.75577,13231.54,15.3,76787,7316186,0,50419,162225,6031568,76787,0,0,0,0,0,0,612,0,0,0,0,0,0,0,0,130327,0,0,0,0,0,0,0,0,247,0,0,0,0,0,0,0,0,0,0,0,1597897,2693859,39878,0,0,39878,0,0
cc-web,autonuma_tiering_thp_512K,cpu0.weightedinterleave0_2.13,10G,0.93099,10741.25,15.3,715992,7683911,0,55425,792379,5926727,715992,0,0,0,0,0,0,5590,0,0,0,0,0,0,0,0,130327,0,0,0,0,0,0,0,0,222,0,0,0,0,0,0,0,0,0,0,0,1136915,3170623,37141,0,0,37141,0,0
cc-web,autonuma_tiering_thp_512K,cpu0.weightedinterleave0_2.12,10G,1.03884,9626.12,15.3,55441,9037834,0,66440,133645,8022670,55456,0,0,0,0,0,0,433,0,0,0,0,0,0,0,0,130910,0,0,0,0,0,0,0,0,196,0,0,0,0,0,0,0,0,0,0,0,1857669,2824690,39616,0,0,39616,0,0
cc-web,autonuma_tiering_thp_512K,cpu0.weightedinterleave0_2,10G,0.73847,13541.51,15.3,1228692,4326669,0,28860,2624344,392807,1228692,0,0,0,0,0,0,9600,0,0,0,0,0,0,0,0,130327,0,0,0,0,0,0,0,0,178,0,0,0,0,0,0,0,0,0,0,0,1650792,3967933,1364389,0,0,1364389,0,0
cc-web,autonuma_tiering_thp_512K,cpu0.weightedinterleave0_2.43,10G,0.86028,11624.12,15.3,55368,6596073,0,45255,130744,5472760,55369,0,0,0,0,0,0,436,0,0,0,0,0,0,0,0,130370,0,0,0,0,0,0,0,0,227,0,0,0,0,0,0,0,0,0,0,0,1565384,2763095,35697,0,0,35697,0,0
cc-web,autonuma_tiering_thp_512K,cpu0.weightedinterleave0_2.21,10G,0.78604,12722.0,15.3,74815,5641921,0,36882,176563,4392727,74816,0,0,0,0,0,0,582,0,0,0,0,0,0,0,0,130327,0,0,0,0,0,0,0,0,251,0,0,0,0,0,0,0,0,0,0,0,1521567,2785610,57661,0,0,57661,0,0
cc-web,nobalance_thp_512K,cpu0.firsttouch0_2,10G,0.78411,12753.31,15.3,0,0,0,5,27049,701,5,0,0,0,0,0,0,34,0,0,0,0,0,0,0,0,130328,0,0,0,0,0,0,0,0,70,0,0,0,0,0,0,0,0,0,0,0,1557089,2690224,0,0,0,0,0,0
cc-web,nobalance_thp_512K,cpu0.weightedinterleave0_2.13,10G,1.12577,8882.81,15.3,0,0,0,78,69,0,69,0,0,0,0,0,0,0,0,0,0,0,0,0,0,0,130327,0,0,0,0,0,0,0,0,0,0,0,0,0,0,0,0,0,0,0,0,1141389,3133180,0,0,0,0,0,0
cc-web,nobalance_thp_512K,cpu0.weightedinterleave0_2.12,10G,1.05639,9466.2,15.3,0,0,0,49,49,0,49,0,0,0,0,0,0,0,0,0,0,0,0,0,0,0,130327,0,0,0,0,0,0,0,0,0,0,0,0,0,0,0,0,0,0,0,0,1458105,2804834,0,0,0,0,0,0
cc-web,nobalance_thp_512K,cpu0.weightedinterleave0_2,10G,0.92437,10818.18,15.3,0,0,0,0,17116,703,0,0,0,0,0,0,0,9,0,0,0,0,0,0,0,0,130327,0,0,0,0,0,0,0,0,78,0,0,0,0,0,0,0,0,0,0,0,1484437,2774647,0,0,0,0,0,0
cc-web,nobalance_thp_512K,cpu0.weightedinterleave0_2.43,10G,0.87001,11494.12,15.3,0,0,0,1,128,17,1,0,0,0,0,0,0,0,0,0,0,0,0,0,0,0,130327,0,0,0,0,0,0,0,0,0,0,0,0,0,0,0,0,0,0,0,0,1488316,2765086,0,0,0,0,0,0
cc-web,nobalance_thp_512K,cpu0.weightedinterleave0_2.21,10G,0.81079,12333.65,15.3,0,0,0,80,16588,701,74,0,0,0,0,0,0,6,0,0,0,0,0,0,0,0,130327,0,0,0,0,0,0,0,0,27,0,0,0,0,0,0,0,0,0,0,0,1507205,2744072,0,0,0,0,0,0
cc-web,autonuma_tiering_thp_64K,cpu0.firsttouch0_2,10G,0.76044,13150.28,9.6,47786,6713292,0,337221,47788,0,47788,0,0,0,2986,0,0,0,0,0,0,0,0,1045438,0,0,0,0,0,0,0,0,0,0,0,0,0,0,0,0,0,0,0,0,0,0,0,2336547,2799719,0,0,0,0,0,0
cc-web,autonuma_tiering_thp_64K,cpu0.weightedinterleave0_2.13,10G,0.933,10718.11,11.4,696278,10599735,0,600903,696313,0,696313,0,0,0,43518,0,0,0,0,0,0,0,0,1045454,0,0,0,0,0,0,0,0,0,0,0,0,0,0,0,0,0,0,0,0,0,0,0,1387560,3793104,0,0,0,0,0,0
cc-web,autonuma_tiering_thp_64K,cpu0.weightedinterleave0_2.12,10G,1.04625,9557.95,11.2,27024,8923714,0,502044,27035,0,27035,0,0,0,1687,0,0,0,0,0,0,0,0,1045858,0,0,0,0,0,0,0,0,0,0,0,0,0,0,0,0,0,0,0,0,0,0,0,1785072,3368993,0,0,0,0,0,0
cc-web,autonuma_tiering_thp_64K,cpu0.weightedinterleave0_2,10G,0.91645,10911.67,10.8,22404,7967357,0,428929,22404,0,22404,0,0,0,1399,0,0,0,0,0,0,0,0,1045510,0,0,0,0,0,0,0,0,0,0,0,0,0,0,0,0,0,0,0,0,0,0,0,1930779,3212718,0,0,0,0,0,0
cc-web,autonuma_tiering_thp_64K,cpu0.weightedinterleave0_2.43,10G,0.86074,11617.91,10.5,37487,6614481,0,338094,37487,0,37487,0,0,0,2342,0,0,0,0,0,0,0,0,1045458,0,0,0,0,0,0,0,0,0,0,0,0,0,0,0,0,0,0,0,0,0,0,0,1981481,3156954,0,0,0,0,0,0
cc-web,autonuma_tiering_thp_64K,cpu0.weightedinterleave0_2.21,10G,0.79225,12622.28,10.6,37048,5661456,0,271438,37049,0,37049,0,0,0,2315,0,0,0,0,0,0,0,0,1045420,0,0,0,0,0,0,0,0,0,0,0,0,0,0,0,0,0,0,0,0,0,0,0,2036270,3096105,0,0,0,0,0,0
cc-web,nobalance_thp_64K,cpu0.firsttouch0_2,10G,0.73332,13636.61,3.9,0,0,0,1,15300,701,0,0,0,0,267,0,0,0,0,0,0,0,0,1045737,0,0,0,0,0,0,0,0,349,0,0,0,0,0,0,0,0,0,0,0,0,0,0,2971552,2145319,1198825,0,0,0,0,0
cc-web,nobalance_thp_64K,cpu0.weightedinterleave0_2.13,10G,1.12325,8902.74,15.3,0,0,0,44,0,0,0,0,0,0,0,0,0,0,0,0,0,0,0,1045643,0,0,0,0,0,0,0,0,0,0,0,0,0,0,0,0,0,0,0,0,0,0,0,1349430,3793052,0,0,0,0,0,0
cc-web,nobalance_thp_64K,cpu0.weightedinterleave0_2.12,10G,1.05397,9487.94,15.3,0,0,0,0,8141,640,0,0,0,0,193,0,0,0,0,0,0,0,0,1045575,0,0,0,0,0,0,0,0,95,0,0,0,0,0,0,0,0,0,0,0,0,0,0,1765174,3372039,0,0,0,0,0,0
cc-web,nobalance_thp_64K,cpu0.weightedinterleave0_2,10G,0.92193,10846.81,15.3,0,0,0,0,0,0,0,0,0,0,0,0,0,0,0,0,0,0,0,1045524,0,0,0,0,0,0,0,0,0,0,0,0,0,0,0,0,0,0,0,0,0,0,0,1899552,3224331,0,0,0,0,0,0
cc-web,nobalance_thp_64K,cpu0.weightedinterleave0_2.43,10G,0.86825,11517.42,15.3,0,0,0,3,12671,701,0,0,0,0,135,0,0,0,0,0,0,0,0,1045716,0,0,0,0,0,0,0,0,230,0,0,0,0,0,0,0,0,0,0,0,0,0,0,1956819,3162885,0,0,0,0,0,0
cc-web,nobalance_thp_64K,cpu0.weightedinterleave0_2.21,10G,0.8034,12447.1,15.3,0,0,0,241,12059,702,0,0,0,0,174,0,0,0,0,0,0,0,0,1047044,0,0,0,0,0,0,0,0,211,0,0,0,0,0,0,0,0,0,0,0,0,0,0,2078771,3095155,0,0,0,0,0,0
pr-urand,autonuma_tiering,cpu0.firsttouch0_2,10G,56.763,176.17,13.5,68241,14366713,0,13385626,283238,2228,68241,0,0,0,0,0,0,0,0,0,0,0,0,0,0,0,0,0,0,0,0,0,0,0,0,0,0,0,0,0,0,0,0,0,0,0,0,3711373,6669782,0,0,0,0,0,0
pr-urand,autonuma_tiering,cpu0.weightedinterleave0_2.13,10G,88.99769,112.36,14.6,525222,18247770,0,17506127,525240,0,525240,0,0,0,0,0,0,0,0,0,0,0,0,0,0,0,0,0,0,0,0,0,0,0,0,0,0,0,0,0,0,0,0,0,0,0,0,3191435,7725120,0,0,0,0,0,0
pr-urand,autonuma_tiering,cpu0.weightedinterleave0_2.12,10G,99.38708,100.62,14.7,45006,19019215,0,18516190,236947,826,45018,0,0,0,0,0,0,0,0,0,0,0,0,0,0,0,0,0,0,0,0,0,0,0,0,0,0,0,0,0,0,0,0,0,0,0,0,3113021,7289677,0,0,0,0,0,0
pr-urand,autonuma_tiering,cpu0.weightedinterleave0_2,10G,77.92182,128.33,14.4,27852,16073542,0,16073542,281426,1527,27852,0,0,0,0,0,0,0,0,0,0,0,0,0,0,0,0,0,0,0,0,0,0,0,0,0,0,0,0,0,0,0,0,0,0,0,0,3283792,7074664,0,0,0,0,0,0
pr-urand,autonuma_tiering,cpu0.weightedinterleave0_2.43,10G,78.1464,127.96,14.3,35648,15882465,0,15758869,268865,836,35648,0,0,0,0,0,0,0,0,0,0,0,0,0,0,0,0,0,0,0,0,0,0,0,0,0,0,0,0,0,0,0,0,0,0,0,0,3330674,7036787,0,0,0,0,0,0
pr-urand,autonuma_tiering,cpu0.weightedinterleave0_2.21,10G,74.63885,133.98,14.2,46935,15312194,0,14655395,264059,1527,46940,0,0,0,0,0,0,0,0,0,0,0,0,0,0,0,0,0,0,0,0,0,0,0,0,0,0,0,0,0,0,0,0,0,0,0,0,3423259,6968066,0,0,0,0,0,0
pr-urand,nobalance,cpu0.firsttouch0_2,10G,36.34779,275.12,4.4,0,0,0,2,220701,1546,0,0,0,0,0,0,0,0,0,0,0,0,0,0,0,0,0,0,0,0,0,0,0,0,0,0,0,0,0,0,0,0,0,0,0,0,0,5047852,5244756,1262640,0,0,0,0,0
pr-urand,nobalance,cpu0.weightedinterleave0_2.13,10G,87.85578,113.82,14.7,0,0,0,1,0,0,0,0,0,0,0,0,0,0,0,0,0,0,0,0,0,0,0,0,0,0,0,0,0,0,0,0,0,0,0,0,0,0,0,0,0,0,0,2663555,7677490,0,0,0,0,0,0
pr-urand,nobalance,cpu0.weightedinterleave0_2.12,10G,83.92354,119.16,10.9,0,0,0,2,198015,829,0,0,0,0,0,0,0,0,0,0,0,0,0,0,0,0,0,0,0,0,0,0,0,0,0,0,0,0,0,0,0,0,0,0,0,0,0,3144295,7196632,0,0,0,0,0,0
pr-urand,nobalance,cpu0.weightedinterleave0_2,10G,66.89641,149.48,14.4,0,0,0,2,253224,831,0,0,0,0,0,0,0,0,0,0,0,0,0,0,0,0,0,0,0,0,0,0,0,0,0,0,0,0,0,0,0,0,0,0,0,0,0,3811599,7450701,498082,0,0,0,0,0
pr-urand,nobalance,cpu0.weightedinterleave0_2.43,10G,67.35476,148.47,2.8,0,0,0,1,207836,1088,0,0,0,0,0,0,0,0,0,0,0,0,0,0,0,0,0,0,0,0,0,0,0,0,0,0,0,0,0,0,0,0,0,0,0,0,0,3350605,6972619,12183,0,0,0,0,0
pr-urand,nobalance,cpu0.weightedinterleave0_2.21,10G,59.02443,169.42,14.2,0,0,0,2,223107,1535,0,0,0,0,0,0,0,0,0,0,0,0,0,0,0,0,0,0,0,0,0,0,0,0,0,0,0,0,0,0,0,0,0,0,0,0,0,3439206,6872134,0,0,0,0,0,0
pr-urand,autonuma_tiering_thp,cpu0.firsttouch0_2,10G,29.30154,341.28,12.3,7190,8621587,16839,16514,47350,1553264,7190,14,0,0,0,0,0,0,0,0,11255,0,0,0,0,0,0,0,0,0,0,0,0,0,0,0,0,0,3032,0,0,0,0,0,0,0,0,1427277,3133691,20530,2608,0,20530,2608,0
pr-urand,autonuma_tiering_thp,cpu0.weightedinterleave0_2.13,10G,80.2319,124.64,14.2,552727,15912523,31076,31768,570333,614187,552742,1078,0,0,0,0,0,0,0,0,11255,0,0,0,0,0,0,0,0,0,0,0,0,0,0,0,0,0,1199,0,0,0,0,0,0,0,0,1235749,3373533,9575,0,0,9575,0,0
pr-urand,autonuma_tiering_thp,cpu0.weightedinterleave0_2.12,10G,80.60451,124.06,14.1,11603,16289178,31812,32418,35393,1259305,11604,21,0,0,0,0,0,0,0,0,11255,0,0,0,0,0,0,0,0,0,0,0,0,0,0,0,0,0,2458,0,0,0,0,0,0,0,0,1467474,3123757,10036,0,0,10036,0,0
pr-urand,autonuma_tiering_thp,cpu0.weightedinterleave0_2,10G,66.84516,149.6,13.6,12683,13479095,26325,25865,46428,945229,12693,24,0,0,0,0,0,0,0,0,11255,0,0,0,0,0,0,0,0,0,0,0,0,0,0,0,0,0,1845,0,0,0,0,0,0,0,0,1456339,3134173,20668,0,0,20668,0,0
pr-urand,autonuma_tiering_thp,cpu0.weightedinterleave0_2.43,10G,61.08296,163.71,13.4,10110,13136932,25657,25682,43867,822144,10121,19,0,0,0,0,0,0,0,0,11255,0,0,0,0,0,0,0,0,0,0,0,0,0,0,0,0,0,1604,0,0,0,0,0,0,0,0,1455824,3132802,21337,0,0,21337,0,0
pr-urand,autonuma_tiering_thp,cpu0.weightedinterleave0_2.21,10G,51.10488,195.68,13.1,5827,13051434,25490,25966,40702,1216488,5832,11,0,0,0,0,0,0,0,0,11255,0,0,0,0,0,0,0,0,0,0,0,0,0,0,0,0,0,2375,0,0,0,0,0,0,0,0,1445597,3132329,20638,0,0,20638,0,0
pr-urand,nobalance_thp,cpu0.firsttouch0_2,10G,28.22877,354.25,12.3,0,0,0,0,0,0,0,0,0,0,0,0,0,0,0,0,11255,0,0,0,0,0,0,0,0,0,0,0,0,0,0,0,0,0,0,0,0,0,0,0,0,0,0,1398183,3127316,0,0,0,0,0,0
pr-urand,nobalance_thp,cpu0.weightedinterleave0_2.13,10G,86.19328,116.02,14.2,0,0,0,0,0,0,0,0,0,0,0,0,0,0,0,0,11255,0,0,0,0,0,0,0,0,0,0,0,0,0,0,0,0,0,0,0,0,0,0,0,0,0,0,1226384,3363867,0,0,0,0,0,0
pr-urand,nobalance_thp,cpu0.weightedinterleave0_2.12,10G,78.39448,127.56,14.1,0,0,0,3,0,0,0,0,0,0,0,0,0,0,0,0,11255,0,0,0,0,0,0,0,0,0,0,0,0,0,0,0,0,0,0,0,0,0,0,0,0,0,0,1446884,3137225,0,0,0,0,0,0
pr-urand,nobalance_thp,cpu0.weightedinterleave0_2,10G,63.16672,158.31,13.6,0,0,0,0,0,0,0,0,0,0,0,0,0,0,0,0,11255,0,0,0,0,0,0,0,0,0,0,0,0,0,0,0,0,0,0,0,0,0,0,0,0,0,0,1427525,3136294,0,0,0,0,0,0
pr-urand,nobalance_thp,cpu0.weightedinterleave0_2.43,10G,58.44429,171.1,13.4,0,0,0,1,0,0,0,0,0,0,0,0,0,0,0,0,11255,0,0,0,0,0,0,0,0,0,0,0,0,0,0,0,0,0,0,0,0,0,0,0,0,0,0,1427057,3129585,0,0,0,0,0,0
pr-urand,nobalance_thp,cpu0.weightedinterleave0_2.21,10G,49.84431,200.62,13.2,0,0,0,0,0,0,0,0,0,0,0,0,0,0,0,0,11255,0,0,0,0,0,0,0,0,0,0,0,0,0,0,0,0,0,0,0,0,0,0,0,0,0,0,1414266,3133896,0,0,0,0,0,0
pr-urand,autonuma_tiering_thp_512K,cpu0.firsttouch0_2,10G,35.41114,282.4,18.0,27661,8632704,0,67476,2994957,664470,27662,0,0,0,0,0,0,222,0,0,0,0,0,0,0,0,45047,0,0,0,0,0,0,0,0,240,0,0,0,0,0,0,0,0,0,0,0,3171324,4325631,2929335,0,0,2929335,0,0
pr-urand,autonuma_tiering_thp_512K,cpu0.weightedinterleave0_2.13,10G,83.30664,120.04,18.0,488305,16296150,0,122135,543589,761330,488307,0,0,0,0,0,0,3815,0,0,0,0,0,0,0,0,45049,0,0,0,0,0,0,0,0,169,0,0,0,0,0,0,0,0,0,0,0,1234049,3411816,25075,0,0,25075,0,0
pr-urand,autonuma_tiering_thp_512K,cpu0.weightedinterleave0_2.12,10G,82.95746,120.54,18.0,29158,16026648,0,126141,90403,1148436,29171,0,0,0,0,0,0,226,0,0,0,0,0,0,0,0,45047,0,0,0,0,0,0,0,0,156,0,0,0,0,0,0,0,0,0,0,0,1463959,3188431,30267,0,0,30267,0,0
pr-urand,autonuma_tiering_thp_512K,cpu0.weightedinterleave0_2,10G,68.17916,146.67,18.0,36326,14954550,0,113719,109133,1274430,36338,0,0,0,0,0,0,283,0,0,0,0,0,0,0,0,45048,0,0,0,0,0,0,0,0,174,0,0,0,0,0,0,0,0,0,0,0,1448430,3197254,38199,0,0,38199,0,0
pr-urand,autonuma_tiering_thp_512K,cpu0.weightedinterleave0_2.43,10G,63.05505,158.59,18.0,32607,12856475,0,100744,93070,1191990,32617,0,0,0,0,0,0,255,0,0,0,0,0,0,0,0,45047,0,0,0,0,0,0,0,0,143,0,0,0,0,0,0,0,0,0,0,0,1440907,3186718,29858,0,0,29858,0,0
pr-urand,autonuma_tiering_thp_512K,cpu0.weightedinterleave0_2.21,10G,54.77227,182.57,18.0,22640,12769490,0,99283,68348,1439566,22647,0,0,0,0,0,0,181,0,0,0,0,0,0,0,0,45047,0,0,0,0,0,0,0,0,132,0,0,0,0,0,0,0,0,0,0,0,1428829,3175286,20257,0,0,20257,0,0
pr-urand,nobalance_thp_512K,cpu0.firsttouch0_2,10G,34.89746,286.55,18.0,0,0,0,23,74,12,23,0,0,0,0,0,0,0,0,0,0,0,0,0,0,0,45048,0,0,0,0,0,0,0,0,0,0,0,0,0,0,0,0,0,0,0,0,1382118,3184544,0,0,0,0,0,0
pr-urand,nobalance_thp_512K,cpu0.weightedinterleave0_2.13,10G,87.79614,113.9,18.0,0,0,0,0,0,0,0,0,0,0,0,0,0,0,0,0,0,0,0,0,0,0,45057,0,0,0,0,0,0,0,0,0,0,0,0,0,0,0,0,0,0,0,0,1232438,3385765,0,0,0,0,0,0
pr-urand,nobalance_thp_512K,cpu0.weightedinterleave0_2.12,10G,82.22996,121.61,18.0,0,0,0,6,29241,829,1,0,0,0,0,0,0,35,0,0,0,0,0,0,0,0,45103,0,0,0,0,0,0,0,0,105,0,0,0,0,0,0,0,0,0,0,0,1467208,3192734,0,0,0,0,0,0
pr-urand,nobalance_thp_512K,cpu0.weightedinterleave0_2,10G,69.10796,144.7,18.0,0,0,0,30,33150,830,13,0,0,0,0,0,0,41,0,0,0,0,0,0,0,0,45048,0,0,0,0,0,0,0,0,138,0,0,0,0,0,0,0,0,0,0,0,1419278,3190040,0,0,0,0,0,0
pr-urand,nobalance_thp_512K,cpu0.weightedinterleave0_2.43,10G,59.59357,167.8,18.0,0,0,0,0,0,1,0,0,0,0,0,0,0,0,0,0,0,0,0,0,0,0,45047,0,0,0,0,0,0,0,0,0,0,0,0,0,0,0,0,0,0,0,0,1401908,3189611,0,0,0,0,0,0
pr-urand,nobalance_thp_512K,cpu0.weightedinterleave0_2.21,10G,51.98253,192.37,18.0,0,0,0,0,87,24,0,0,0,0,0,0,0,0,0,0,0,0,0,0,0,0,45047,0,0,0,0,0,0,0,0,0,0,0,0,0,0,0,0,0,0,0,0,1395718,3187489,0,0,0,0,0,0
pr-urand,autonuma_tiering_thp_64K,cpu0.firsttouch0_2,10G,35.19404,284.14,12.3,2,16604674,0,1037811,2,0,2,0,0,0,0,0,0,0,0,0,0,0,0,360718,0,0,0,0,0,0,0,0,0,0,0,0,0,0,0,0,0,0,0,0,0,0,0,1549766,3329849,0,0,0,0,0,0
pr-urand,autonuma_tiering_thp_64K,cpu0.weightedinterleave0_2.13,10G,81.98096,121.98,14.0,510353,16020910,0,968371,510353,0,510353,0,0,0,31895,0,0,0,0,0,0,0,0,360991,0,0,0,0,0,0,0,0,0,0,0,0,0,0,0,0,0,0,0,0,0,0,0,1335633,3622551,0,0,0,0,0,0
pr-urand,autonuma_tiering_thp_64K,cpu0.weightedinterleave0_2.12,10G,80.20974,124.67,13.9,6530,17857997,0,1055736,20724,701,6544,0,0,0,432,0,0,0,0,0,0,0,0,361017,0,0,0,0,0,0,0,0,101,0,0,0,0,0,0,0,0,0,0,0,0,0,0,1546216,3378480,0,0,0,0,0,0
pr-urand,autonuma_tiering_thp_64K,cpu0.weightedinterleave0_2,10G,65.52786,152.61,13.4,6,16346213,0,1020236,18,0,18,0,0,0,0,0,0,0,0,0,0,0,0,360889,0,0,0,0,0,0,0,0,0,0,0,0,0,0,0,0,0,0,0,0,0,0,0,1541979,3364273,0,0,0,0,0,0
pr-urand,autonuma_tiering_thp_64K,cpu0.weightedinterleave0_2.43,10G,79.06084,126.48,13.2,41477,17106351,0,1021930,41504,0,41504,0,0,0,2593,0,0,0,0,0,0,0,0,360988,0,0,0,0,0,0,0,0,0,0,0,0,0,0,0,0,0,0,0,0,0,0,0,1555834,3369105,0,0,0,0,0,0
pr-urand,autonuma_tiering_thp_64K,cpu0.weightedinterleave0_2.21,10G,52.08308,192.0,13.0,1,12214082,0,738029,6,0,6,0,0,0,0,0,0,0,0,0,0,0,0,360823,0,0,0,0,0,0,0,0,0,0,0,0,0,0,0,0,0,0,0,0,0,0,0,1538176,3355250,0,0,0,0,0,0
pr-urand,nobalance_thp_64K,cpu0.firsttouch0_2,10G,35.02342,285.52,18.0,0,0,0,0,30143,708,0,0,0,0,527,0,0,0,0,0,0,0,0,360774,0,0,0,0,0,0,0,0,419,0,0,0,0,0,0,0,0,0,0,0,0,0,0,1535028,3340409,0,0,0,0,0,0
pr-urand,nobalance_thp_64K,cpu0.weightedinterleave0_2.13,10G,87.8615,113.82,14.0,0,0,0,52,0,0,0,0,0,0,0,0,0,0,0,0,0,0,0,361400,0,0,0,0,0,0,0,0,0,0,0,0,0,0,0,0,0,0,0,0,0,0,0,1319596,3622574,0,0,0,0,0,0
pr-urand,nobalance_thp_64K,cpu0.weightedinterleave0_2.12,10G,80.51301,124.2,18.0,0,0,0,0,20440,1411,0,0,0,0,230,0,0,0,0,0,0,0,0,361051,0,0,0,0,0,0,0,0,297,0,0,0,0,0,0,0,0,0,0,0,0,0,0,1535592,3385859,0,0,0,0,0,0
pr-urand,nobalance_thp_64K,cpu0.weightedinterleave0_2,10G,66.80321,149.69,17.9,0,0,0,5,22344,701,0,0,0,0,280,0,0,0,0,0,0,0,0,361027,0,0,0,0,0,0,0,0,337,0,0,0,0,0,0,0,0,0,0,0,0,0,0,1535833,3375881,0,0,0,0,0,0
pr-urand,nobalance_thp_64K,cpu0.weightedinterleave0_2.43,10G,59.36798,168.44,13.1,0,0,0,0,0,0,0,0,0,0,0,0,0,0,0,0,0,0,0,360895,0,0,0,0,0,0,0,0,0,0,0,0,0,0,0,0,0,0,0,0,0,0,0,1529738,3369334,0,0,0,0,0,0
pr-urand,nobalance_thp_64K,cpu0.weightedinterleave0_2.21,10G,51.95835,192.46,13.0,0,0,0,0,0,0,0,0,0,0,0,0,0,0,0,0,0,0,0,360881,0,0,0,0,0,0,0,0,0,0,0,0,0,0,0,0,0,0,0,0,0,0,0,1528871,3364360,0,0,0,0,0,0
pr-web,autonuma_tiering,cpu0.firsttouch0_2,10G,11.82782,845.46,11.2,12,5105272,0,4470009,214123,827,13,0,0,0,0,0,0,0,0,0,0,0,0,0,0,0,0,0,0,0,0,0,0,0,0,0,0,0,0,0,0,0,0,0,0,0,0,4150205,5552914,0,0,0,0,0,0
pr-web,autonuma_tiering,cpu0.weightedinterleave0_2.13,10G,11.93863,837.62,12.5,1152342,2743073,0,1330283,1152342,0,1152342,0,0,0,0,0,0,0,0,0,0,0,0,0,0,0,0,0,0,0,0,0,0,0,0,0,0,0,0,0,0,0,0,0,0,0,0,3632517,7222666,0,0,0,0,0,0
pr-web,autonuma_tiering,cpu0.weightedinterleave0_2.12,10G,12.37467,808.1,12.4,70287,2813443,0,1556452,282533,828,70287,0,0,0,0,0,0,0,0,0,0,0,0,0,0,0,0,0,0,0,0,0,0,0,0,0,0,0,0,0,0,0,0,0,0,0,0,3217856,6558716,0,0,0,0,0,0
pr-web,autonuma_tiering,cpu0.weightedinterleave0_2,10G,12.41353,805.57,12.2,15738,1991725,0,1034210,154067,826,15738,0,0,0,0,0,0,0,0,0,0,0,0,0,0,0,0,0,0,0,0,0,0,0,0,0,0,0,0,0,0,0,0,0,0,0,0,3439155,6280492,0,0,0,0,0,0
pr-web,autonuma_tiering,cpu0.weightedinterleave0_2.43,10G,12.7344,785.27,12.1,11480,2750791,0,1942916,164311,826,11493,0,0,0,0,0,0,0,0,0,0,0,0,0,0,0,0,0,0,0,0,0,0,0,0,0,0,0,0,0,0,0,0,0,0,0,0,3388883,6328315,0,0,0,0,0,0
pr-web,autonuma_tiering,cpu0.weightedinterleave0_2.21,10G,12.32368,811.45,12.0,15493,3030884,0,2393154,240068,826,15493,0,0,0,0,0,0,0,0,0,0,0,0,0,0,0,0,0,0,0,0,0,0,0,0,0,0,0,0,0,0,0,0,0,0,0,0,3718817,5999494,0,0,0,0,0,0
pr-web,nobalance,cpu0.firsttouch0_2,10G,11.25194,888.74,11.3,0,0,0,3,229165,888,0,0,0,0,0,0,0,0,0,0,0,0,0,0,0,0,0,0,0,0,0,0,0,0,0,0,0,0,0,0,0,0,0,0,0,0,0,5484610,4206178,1236665,0,0,0,0,0
pr-web,nobalance,cpu0.weightedinterleave0_2.13,10G,12.46431,802.29,2.7,0,0,0,3,0,0,0,0,0,0,0,0,0,0,0,0,0,0,0,0,0,0,0,0,0,0,0,0,0,0,0,0,0,0,0,0,0,0,0,0,0,0,0,2475718,7222708,0,0,0,0,0,0
pr-web,nobalance,cpu0.weightedinterleave0_2.12,10G,12.14182,823.6,12.4,0,0,0,0,230674,1060,0,0,0,0,0,0,0,0,0,0,0,0,0,0,0,0,0,0,0,0,0,0,0,0,0,0,0,0,0,0,0,0,0,0,0,0,0,3276590,6420166,0,0,0,0,0,0
pr-web,nobalance,cpu0.weightedinterleave0_2,10G,12.14046,823.69,12.2,0,0,0,0,127624,828,0,0,0,0,0,0,0,0,0,0,0,0,0,0,0,0,0,0,0,0,0,0,0,0,0,0,0,0,0,0,0,0,0,0,0,0,0,3561627,6139214,0,0,0,0,0,0
pr-web,nobalance,cpu0.weightedinterleave0_2.43,10G,12.14721,823.23,12.0,0,0,0,0,144678,827,0,0,0,0,0,0,0,0,0,0,0,0,0,0,0,0,0,0,0,0,0,0,0,0,0,0,0,0,0,0,0,0,0,0,0,0,0,3652078,6041736,0,0,0,0,0,0
pr-web,nobalance,cpu0.weightedinterleave0_2.21,10G,12.33368,810.79,11.9,0,0,0,1,209144,1041,0,0,0,0,0,0,0,0,0,0,0,0,0,0,0,0,0,0,0,0,0,0,0,0,0,0,0,0,0,0,0,0,0,0,0,0,0,3676445,6015534,0,0,0,0,0,0
pr-web,autonuma_tiering_thp,cpu0.firsttouch0_2,10G,10.94008,914.07,10.1,30041,580951,1133,1527,1929581,282229,30041,57,0,0,0,0,0,0,0,0,11010,0,0,0,0,0,0,0,0,0,0,0,0,0,0,0,0,0,547,0,0,0,0,0,0,0,0,2427700,3285343,1415720,224847,0,1415720,224847,0
pr-web,autonuma_tiering_thp,cpu0.weightedinterleave0_2.13,10G,12.05735,829.37,11.7,432209,1859054,3625,4250,432209,0,432209,839,0,0,0,0,0,0,0,0,11010,0,0,0,0,0,0,0,0,0,0,0,0,0,0,0,0,0,0,0,0,0,0,0,0,0,0,1067073,3002649,0,0,0,0,0,0
pr-web,autonuma_tiering_thp,cpu0.weightedinterleave0_2.12,10G,11.85495,843.53,11.6,100507,2033654,3966,4482,135202,676830,100522,191,0,0,0,0,0,0,0,0,11010,0,0,0,0,0,0,0,0,0,0,0,0,0,0,0,0,0,1321,0,0,0,0,0,0,0,0,1402638,2689122,20043,0,0,20043,0,0
pr-web,autonuma_tiering_thp,cpu0.weightedinterleave0_2,10G,11.89296,840.83,11.1,25569,1568930,3059,3829,35604,606268,25569,45,0,0,0,0,0,0,0,0,11010,0,0,0,0,0,0,0,0,0,0,0,0,0,0,0,0,0,1184,0,0,0,0,0,0,0,0,1439928,2638611,10035,0,0,10035,0,0
pr-web,autonuma_tiering_thp,cpu0.weightedinterleave0_2.43,10G,11.85341,843.64,10.9,22841,1633782,3186,4091,55565,809439,22851,40,0,0,0,0,0,0,0,0,11010,0,0,0,0,0,0,0,0,0,0,0,0,0,0,0,0,0,1580,0,0,0,0,0,0,0,0,1447793,2647402,20641,0,0,20641,0,0
pr-web,autonuma_tiering_thp,cpu0.weightedinterleave0_2.21,10G,11.73324,852.28,10.7,29776,840948,1640,1618,51086,186656,29783,56,0,0,0,0,0,0,0,0,11010,0,0,0,0,0,0,0,0,0,0,0,0,0,0,0,0,0,364,0,0,0,0,0,0,0,0,1413177,2668473,11050,0,0,11050,0,0
pr-web,nobalance_thp,cpu0.firsttouch0_2,10G,11.03927,905.86,1.9,0,0,0,0,0,0,0,0,0,0,0,0,0,0,0,0,11010,0,0,0,0,0,0,0,0,0,0,0,0,0,0,0,0,0,0,0,0,0,0,0,0,0,0,1426581,2637032,0,3240,0,0,0,0
pr-web,nobalance_thp,cpu0.weightedinterleave0_2.13,10G,12.24446,816.7,11.7,0,0,0,1,0,0,0,0,0,0,0,0,0,0,0,0,11010,0,0,0,0,0,0,0,0,0,0,0,0,0,0,0,0,0,0,0,0,0,0,0,0,0,0,1063083,3125879,0,0,0,0,0,0
pr-web,nobalance_thp,cpu0.weightedinterleave0_2.12,10G,11.88632,841.3,11.6,0,0,0,0,0,0,0,0,0,0,0,0,0,0,0,0,11010,0,0,0,0,0,0,0,0,0,0,0,0,0,0,0,0,0,0,0,0,0,0,0,0,0,0,1396808,2668991,0,0,0,0,0,0
pr-web,nobalance_thp,cpu0.weightedinterleave0_2,10G,11.9625,835.95,11.1,0,0,0,1,6084,557,0,0,0,0,0,0,0,0,0,0,11022,0,0,0,0,0,0,0,0,0,0,0,0,0,0,0,0,0,0,0,0,0,0,0,0,0,0,1792289,2318795,329673,0,0,0,0,0
pr-web,nobalance_thp,cpu0.weightedinterleave0_2.43,10G,11.86452,842.85,10.8,0,0,0,1,0,0,0,0,0,0,0,0,0,0,0,0,11010,0,0,0,0,0,0,0,0,0,0,0,0,0,0,0,0,0,0,0,0,0,0,0,0,0,0,1419072,2641486,0,0,0,0,0,0
pr-web,nobalance_thp,cpu0.weightedinterleave0_2.21,10G,11.76394,850.06,10.6,0,0,0,0,0,0,0,0,0,0,0,0,0,0,0,0,11010,0,0,0,0,0,0,0,0,0,0,0,0,0,0,0,0,0,0,0,0,0,0,0,0,0,0,1407720,2658300,0,0,0,0,0,0
pr-web,autonuma_tiering_thp_512K,cpu0.firsttouch0_2,10G,11.33883,881.93,12.9,15140,1934867,0,10695,59039,1281293,15141,0,0,0,0,0,0,115,0,0,0,0,0,0,0,0,44087,0,0,0,0,0,0,0,0,132,0,0,0,0,0,0,0,0,0,0,0,1435606,2675214,20254,0,0,20254,0,0
pr-web,autonuma_tiering_thp_512K,cpu0.weightedinterleave0_2.13,10G,12.23704,817.19,15.5,527597,1983183,0,6148,527612,0,527612,0,0,0,0,0,0,4118,0,0,0,0,0,0,0,0,44119,0,0,0,0,0,0,0,0,0,0,0,0,0,0,0,0,0,0,0,0,1074383,3019847,0,0,0,0,0,0
pr-web,autonuma_tiering_thp_512K,cpu0.weightedinterleave0_2.12,10G,12.06709,828.7,15.5,62597,1920220,0,6959,134731,606297,62610,0,0,0,0,0,0,482,0,0,0,0,0,0,0,0,44088,0,0,0,0,0,0,0,0,270,0,0,0,0,0,0,0,0,0,0,0,1409413,2717025,29842,0,0,29842,0,0
pr-web,autonuma_tiering_thp_512K,cpu0.weightedinterleave0_2,10G,12.09731,826.63,15.5,24921,1901545,0,9045,72608,940908,24932,0,0,0,0,0,0,189,0,0,0,0,0,0,0,0,44087,0,0,0,0,0,0,0,0,138,0,0,0,0,0,0,0,0,0,0,0,1433208,2683367,20384,0,0,20384,0,0
pr-web,autonuma_tiering_thp_512K,cpu0.weightedinterleave0_2.43,10G,11.45863,872.7,15.5,342712,1429513,0,6825,1724723,232543,342721,0,0,0,0,0,0,2670,0,0,0,0,0,0,0,0,44222,0,0,0,0,0,0,0,0,148,0,0,0,0,0,0,0,0,0,0,0,2718803,3360544,1358175,0,0,1358175,0,0
pr-web,autonuma_tiering_thp_512K,cpu0.weightedinterleave0_2.21,10G,11.99325,833.8,15.5,49353,906663,0,3052,112725,233739,49353,0,0,0,0,0,0,382,0,0,0,0,0,0,0,0,44087,0,0,0,0,0,0,0,0,252,0,0,0,0,0,0,0,0,0,0,0,1412107,2703357,24839,0,0,24839,0,0
pr-web,nobalance_thp_512K,cpu0.firsttouch0_2,10G,11.32048,883.35,15.5,0,0,0,0,0,0,0,0,0,0,0,0,0,0,0,0,0,0,0,0,0,0,44087,0,0,0,0,0,0,0,0,0,0,0,0,0,0,0,0,0,0,0,0,1401702,2691478,0,0,0,0,0,0
pr-web,nobalance_thp_512K,cpu0.weightedinterleave0_2.13,10G,12.44293,803.67,15.5,0,0,0,0,0,0,0,0,0,0,0,0,0,0,0,0,0,0,0,0,0,0,44088,0,0,0,0,0,0,0,0,0,0,0,0,0,0,0,0,0,0,0,0,1083978,3022988,0,0,0,0,0,0
pr-web,nobalance_thp_512K,cpu0.weightedinterleave0_2.12,10G,12.11891,825.16,15.5,0,0,0,1,1,1,1,0,0,0,0,0,0,0,0,0,0,0,0,0,0,0,44119,0,0,0,0,0,0,0,0,0,0,0,0,0,0,0,0,0,0,0,0,1387783,2702470,0,0,0,0,0,0
pr-web,nobalance_thp_512K,cpu0.weightedinterleave0_2,10G,12.12829,824.52,15.5,0,0,0,2,377,89,2,0,0,0,0,0,0,0,0,0,0,0,0,0,0,0,44088,0,0,0,0,0,0,0,0,0,0,0,0,0,0,0,0,0,0,0,0,1401673,2700556,0,0,0,0,0,0
pr-web,nobalance_thp_512K,cpu0.weightedinterleave0_2.43,10G,12.11195,825.63,15.5,0,0,0,0,0,0,0,0,0,0,0,0,0,0,0,0,0,0,0,0,0,0,44087,0,0,0,0,0,0,0,0,0,0,0,0,0,0,0,0,0,0,0,0,1397139,2701093,0,0,0,0,0,0
pr-web,nobalance_thp_512K,cpu0.weightedinterleave0_2.21,10G,12.0417,830.45,15.5,0,0,0,0,0,0,0,0,0,0,0,0,0,0,0,0,0,0,0,0,0,0,44087,0,0,0,0,0,0,0,0,0,0,0,0,0,0,0,0,0,0,0,0,1396482,2698790,0,0,0,0,0,0
pr-web,autonuma_tiering_thp_64K,cpu0.firsttouch0_2,10G,11.32494,883.01,9.8,5,6750202,0,378101,6,0,6,0,0,0,0,0,0,0,0,0,0,0,0,353407,0,0,0,0,0,0,0,0,0,0,0,0,0,0,0,0,0,0,0,0,0,0,0,1594827,2799078,0,0,0,0,0,0
pr-web,autonuma_tiering_thp_64K,cpu0.weightedinterleave0_2.13,10G,12.2832,814.12,11.5,457438,1871261,0,29547,457438,0,457438,0,0,0,28581,0,0,0,0,0,0,0,0,353370,0,0,0,0,0,0,0,0,0,0,0,0,0,0,0,0,0,0,0,0,0,0,0,1170545,3250915,0,0,0,0,0,0
pr-web,autonuma_tiering_thp_64K,cpu0.weightedinterleave0_2.12,10G,12.07512,828.15,11.4,21076,3818081,0,160178,21076,0,21076,0,0,0,1315,0,0,0,0,0,0,0,0,353386,0,0,0,0,0,0,0,0,0,0,0,0,0,0,0,0,0,0,0,0,0,0,0,1507010,2889697,0,0,0,0,0,0
pr-web,autonuma_tiering_thp_64K,cpu0.weightedinterleave0_2,10G,12.08882,827.21,11.0,4479,1264095,0,20257,4479,0,4479,0,0,0,278,0,0,0,0,0,0,0,0,353379,0,0,0,0,0,0,0,0,0,0,0,0,0,0,0,0,0,0,0,0,0,0,0,1541422,2852071,0,0,0,0,0,0
pr-web,autonuma_tiering_thp_64K,cpu0.weightedinterleave0_2.43,10G,12.0436,830.32,4.0,3292,1141529,0,20468,3303,0,3303,0,0,0,203,0,0,0,0,0,0,0,0,353376,0,0,0,0,0,0,0,0,0,0,0,0,0,0,0,0,0,0,0,0,0,0,0,1547343,2844720,0,0,0,0,0,0
pr-web,autonuma_tiering_thp_64K,cpu0.weightedinterleave0_2.21,10G,11.99036,834.0,10.5,6349,1776363,0,71927,6349,0,6349,0,0,0,396,0,0,0,0,0,0,0,0,353365,0,0,0,0,0,0,0,0,0,0,0,0,0,0,0,0,0,0,0,0,0,0,0,1539610,2854199,0,0,0,0,0,0
pr-web,nobalance_thp_64K,cpu0.firsttouch0_2,10G,11.30804,884.33,15.5,0,0,0,0,0,0,0,0,0,0,0,0,0,0,0,0,0,0,0,353453,0,0,0,0,0,0,0,0,0,0,0,0,0,0,0,0,0,0,0,0,0,0,0,1581456,2810261,0,0,0,0,0,0
pr-web,nobalance_thp_64K,cpu0.weightedinterleave0_2.13,10G,12.44161,803.75,11.3,0,0,0,8,0,0,0,0,0,0,0,0,0,0,0,0,0,0,0,353396,0,0,0,0,0,0,0,0,0,0,0,0,0,0,0,0,0,0,0,0,0,0,0,1145921,3250972,0,0,0,0,0,0
pr-web,nobalance_thp_64K,cpu0.weightedinterleave0_2.12,10G,12.09656,826.68,15.5,0,0,0,0,0,0,0,0,0,0,0,0,0,0,0,0,0,0,0,353514,0,0,0,0,0,0,0,0,0,0,0,0,0,0,0,0,0,0,0,0,0,0,0,1512489,2890825,0,0,0,0,0,0
pr-web,nobalance_thp_64K,cpu0.weightedinterleave0_2,10G,12.09415,826.85,15.5,0,0,0,0,0,0,0,0,0,0,0,0,0,0,0,0,0,0,0,353556,0,0,0,0,0,0,0,0,0,0,0,0,0,0,0,0,0,0,0,0,0,0,0,1537480,2862415,0,0,0,0,0,0
pr-web,nobalance_thp_64K,cpu0.weightedinterleave0_2.43,10G,12.06368,828.93,15.5,0,0,0,0,0,0,0,0,0,0,0,0,0,0,0,0,0,0,0,353449,0,0,0,0,0,0,0,0,0,0,0,0,0,0,0,0,0,0,0,0,0,0,0,1540299,2855160,0,0,0,0,0,0
pr-web,nobalance_thp_64K,cpu0.weightedinterleave0_2.21,10G,12.0095,832.67,15.2,0,0,0,802,0,0,0,0,0,0,0,0,0,0,0,0,0,0,0,353422,0,0,0,0,0,0,0,0,0,0,0,0,0,0,0,0,0,0,0,0,0,0,0,1536660,2855343,0,0,0,0,0,0
