workload,tiering,mem_policy,ldram_size,execution_time,throughput,rss,pgpromote_success,numa_pte_updates,numa_huge_pte_updates,numa_hint_faults,pgmigrate_success,pgmigrate_fail,numa_pages_migrated,thp_migration_success,thp_migration_success_2,thp_migration_success_3,thp_migration_success_4,thp_migration_success_5,thp_migration_success_6,thp_migration_success_7,thp_migration_success_8,thp_migration_success_9,thp_fault_alloc,thp_fault_alloc_2,thp_fault_alloc_3,thp_fault_alloc_4,thp_fault_alloc_5,thp_fault_alloc_6,thp_fault_alloc_7,thp_fault_alloc_8,thp_fault_alloc_9,thp_migration_split,thp_migration_split_2,thp_migration_split_3,thp_migration_split_4,thp_migration_split_5,thp_migration_split_6,thp_migration_split_7,thp_migration_split_8,thp_migration_split_9,thp_migration_fail,thp_migration_fail_2,thp_migration_fail_3,thp_migration_fail_4,thp_migration_fail_5,thp_migration_fail_6,thp_migration_fail_7,thp_migration_fail_8,thp_migration_fail_9,numa_local,numa_other
bc-urand,tpp,cpu0.weightedinterleave0_2,80G,299.05,33.44,16.3,2490384,7766386,0,7771117,2490455,0,2490455,0,0,0,0,0,0,0,0,0,0,0,0,0,0,0,0,0,0,0,0,0,0,0,0,0,0,0,0,0,0,0,0,0,0,0,0,8100224,5446748
bc-urand,nobalance,cpu0.weightedinterleave0_2,80G,335.87,29.77,20.0,0,0,0,0,0,0,0,0,,,,,,,,,0,,,,,,,,,0,,,,,,,,,0,,,,,,,,,5649481,5446792
bc-urand,tpp_thp,cpu0.weightedinterleave0_2,80G,230.45,43.39,15.6,2555164,7927724,15479,18483,2555164,0,2555164,4989,0,0,0,0,0,0,0,0,12540,0,0,0,0,0,0,0,0,0,0,0,0,0,0,0,0,0,0,0,0,0,0,0,0,0,0,2322180,2243965
bc-urand,nobalance_thp,cpu0.weightedinterleave0_2,80G,289.2,34.58,20.0,0,0,0,0,0,0,0,0,0,0,0,0,0,0,0,0,12540,0,0,0,0,0,0,0,0,0,0,0,0,0,0,0,0,0,0,0,0,0,0,0,0,0,0,2337379,2243980
bc-urand,tpp_thp_512K,cpu0.weightedinterleave0_2,80G,266.79,37.48,-2.2,2556080,7930668,0,63345,2556080,0,2556080,0,0,0,0,0,0,19968,0,0,0,0,0,0,0,0,50172,0,0,0,0,0,0,0,0,0,0,0,0,0,0,0,0,0,0,0,0,2368765,2261966
bc-urand,nobalance_thp_512K,cpu0.weightedinterleave0_2,80G,328.52,30.44,20.0,0,0,0,0,0,0,0,0,0,0,0,0,0,0,0,0,0,0,0,0,0,0,50182,0,0,0,0,0,0,0,0,0,0,0,0,0,0,0,0,0,0,0,0,3031848,2262080
bc-urand,tpp_thp_64K,cpu0.weightedinterleave0_2,80G,274.21,36.47,15.4,2555972,7995742,0,502989,2555972,0,2555972,0,0,0,159740,0,0,0,0,0,0,0,0,401829,0,0,0,0,0,0,0,0,6,0,0,0,0,0,0,0,0,0,0,0,0,0,0,2668034,2436373
bc-urand,nobalance_thp_64K,cpu0.weightedinterleave0_2,80G,329.12,30.38,20.0,0,0,0,0,0,0,0,0,0,0,0,0,0,0,0,0,0,0,0,402279,0,0,0,0,0,0,0,0,0,0,0,0,0,0,0,0,0,0,0,0,0,0,0,2533100,2436399
bc-web,tpp,cpu0.weightedinterleave0_2,80G,272.54,36.69,5.7,990330,3203961,0,3213676,990431,0,990431,0,0,0,0,0,0,0,0,0,0,0,0,0,0,0,0,0,0,0,0,0,0,0,0,0,0,0,0,0,0,0,0,0,0,0,0,10424939,9252162
bc-web,nobalance,cpu0.weightedinterleave0_2,80G,311.55,32.1,16.3,0,0,0,0,0,0,0,0,,,,,,,,,0,,,,,,,,,0,,,,,,,,,0,,,,,,,,,9346942,9252340
bc-web,tpp_thp,cpu0.weightedinterleave0_2,80G,241.61,41.39,11.8,991775,3285265,6404,13381,991775,0,991775,1936,0,0,0,0,0,0,0,0,28162,0,0,0,0,0,0,0,0,0,0,0,0,0,0,0,0,0,0,0,0,0,0,0,0,0,0,2139215,2057233
bc-web,nobalance_thp,cpu0.weightedinterleave0_2,80G,286.46,34.91,16.1,0,0,0,0,0,0,0,0,0,0,0,0,0,0,0,0,28067,0,0,0,0,0,0,0,0,0,0,0,0,0,0,0,0,0,0,0,0,0,0,0,0,0,0,2836464,2081475
bc-web,tpp_thp_512K,cpu0.weightedinterleave0_2,80G,251.88,39.7,11.6,991576,3376145,0,30311,991576,0,991576,0,0,0,0,0,0,7745,0,0,0,0,0,0,0,0,113063,0,0,0,0,0,0,0,0,0,0,0,0,0,0,0,0,0,0,0,0,2165123,2072636
bc-web,nobalance_thp_512K,cpu0.weightedinterleave0_2,80G,297.14,33.65,10.9,0,0,0,0,0,0,0,0,0,0,0,0,0,0,0,0,0,0,0,0,0,0,113694,0,0,0,0,0,0,0,0,0,0,0,0,0,0,0,0,0,0,0,0,2582928,2070689
bc-web,tpp_thp_64K,cpu0.weightedinterleave0_2,80G,253.62,39.43,11.8,990816,3336583,0,215534,990816,0,990816,0,0,0,61914,0,0,0,0,0,0,0,0,906563,0,0,0,0,0,0,0,0,11,0,0,0,0,0,0,0,0,0,0,0,0,0,0,2588332,2459365
bc-web,nobalance_thp_64K,cpu0.weightedinterleave0_2,80G,297.56,33.61,16.3,0,0,0,0,0,0,0,0,0,0,0,0,0,0,0,0,0,0,0,908855,0,0,0,0,0,0,0,0,0,0,0,0,0,0,0,0,0,0,0,0,0,0,0,2586315,2458424
bfs-urand,tpp,cpu0.weightedinterleave0_2,80G,204.64,48.87,17.6,2228172,6785168,0,6760690,2228178,0,2228178,0,0,0,0,0,0,0,0,0,0,0,0,0,0,0,0,0,0,0,0,0,0,0,0,0,0,0,0,0,0,0,0,0,0,0,0,12369637,10002904
bfs-urand,nobalance,cpu0.weightedinterleave0_2,80G,200.36,49.91,17.6,0,0,0,0,0,0,0,0,,,,,,,,,0,,,,,,,,,0,,,,,,,,,0,,,,,,,,,10061278,10003197
bfs-urand,tpp_thp,cpu0.weightedinterleave0_2,80G,168.81,59.24,13.3,2228295,6823370,13318,19562,2228295,0,2228295,4352,0,0,0,0,0,0,0,0,30095,0,0,0,0,0,0,0,0,0,0,0,0,0,0,0,0,0,0,0,0,0,0,0,0,0,0,2403543,2341775
bfs-urand,nobalance_thp,cpu0.weightedinterleave0_2,80G,186.33,53.67,15.9,0,0,0,0,0,0,0,0,0,0,0,0,0,0,0,0,30095,0,0,0,0,0,0,0,0,0,0,0,0,0,0,0,0,0,0,0,0,0,0,0,0,0,0,2401906,2341754
bfs-urand,tpp_thp_512K,cpu0.weightedinterleave0_2,80G,171.66,58.25,13.1,2228236,6854947,0,63484,2228236,0,2228236,0,0,0,0,0,0,17408,0,0,0,0,0,0,0,0,121000,0,0,0,0,0,0,0,0,0,0,0,0,0,0,0,0,0,0,0,0,2421033,2361688
bfs-urand,nobalance_thp_512K,cpu0.weightedinterleave0_2,80G,188.78,52.97,17.5,0,0,0,0,0,0,0,0,0,0,0,0,0,0,0,0,0,0,0,0,0,0,121042,0,0,0,0,0,0,0,0,0,0,0,0,0,0,0,0,0,0,0,0,3055371,2358651
bfs-urand,tpp_thp_64K,cpu0.weightedinterleave0_2,80G,177.82,56.24,13.0,2228262,6777619,0,428042,2228262,0,2228262,0,0,0,139264,0,0,0,0,0,0,0,0,969734,0,0,0,0,0,0,0,0,2,0,0,0,0,0,0,0,0,0,0,0,0,0,0,2919819,2740673
bfs-urand,nobalance_thp_64K,cpu0.weightedinterleave0_2,80G,187.1,53.45,17.6,0,0,0,0,0,0,0,0,0,0,0,0,0,0,0,0,0,0,0,971361,0,0,0,0,0,0,0,0,0,0,0,0,0,0,0,0,0,0,0,0,0,0,0,2834338,2744260
bfs-web,tpp,cpu0.weightedinterleave0_2,80G,194.72,51.36,15.4,627123,2492347,0,2134293,627123,0,627123,0,0,0,0,0,0,0,0,0,0,0,0,0,0,0,0,0,0,0,0,0,0,0,0,0,0,0,0,0,0,0,0,0,0,0,0,9088581,8398786
bfs-web,nobalance,cpu0.weightedinterleave0_2,80G,204.76,48.84,15.2,0,0,0,0,0,0,0,0,,,,,,,,,0,,,,,,,,,0,,,,,,,,,0,,,,,,,,,8473441,8398855
bfs-web,tpp_thp,cpu0.weightedinterleave0_2,80G,176.2,56.75,3.1,946066,2944753,5745,7806,946066,0,946066,1847,0,0,0,0,0,0,0,0,24691,0,0,0,0,0,0,0,0,0,0,0,0,0,0,0,0,0,0,0,0,0,0,0,0,0,0,2163903,2111509
bfs-web,nobalance_thp,cpu0.weightedinterleave0_2,80G,189.24,52.84,17.6,0,0,0,0,0,0,0,0,0,0,0,0,0,0,0,0,24514,0,0,0,0,0,0,0,0,0,0,0,0,0,0,0,0,0,0,0,0,0,0,0,0,0,0,2882210,2154696
bfs-web,tpp_thp_512K,cpu0.weightedinterleave0_2,80G,179.89,55.59,10.8,898471,2866123,0,22566,898471,0,898471,0,0,0,0,0,0,7018,0,0,0,0,0,0,0,0,99484,0,0,0,0,0,0,0,0,0,0,0,0,0,0,0,0,0,0,0,0,2155420,2086298
bfs-web,nobalance_thp_512K,cpu0.weightedinterleave0_2,80G,190.19,52.58,15.3,0,0,0,0,0,0,0,0,0,0,0,0,0,0,0,0,0,0,0,0,0,0,99938,0,0,0,0,0,0,0,0,0,0,0,0,0,0,0,0,0,0,0,0,2121649,2056814
bfs-web,tpp_thp_64K,cpu0.weightedinterleave0_2,80G,180.37,55.44,10.8,788817,2727948,0,158217,788817,0,788817,0,0,0,49299,0,0,0,0,0,0,0,0,799894,0,0,0,0,0,0,0,0,1,0,0,0,0,0,0,0,0,0,0,0,0,0,0,2506033,2405865
bfs-web,nobalance_thp_64K,cpu0.weightedinterleave0_2,80G,190.56,52.48,15.3,0,0,0,0,0,0,0,0,0,0,0,0,0,0,0,0,0,0,0,813663,0,0,0,0,0,0,0,0,0,0,0,0,0,0,0,0,0,0,0,0,0,0,0,2920023,2405875
cc-urand,tpp,cpu0.weightedinterleave0_2,80G,187.33,53.38,10.5,2228102,6750258,0,6750253,2228102,0,2228102,0,0,0,0,0,0,0,0,0,0,0,0,0,0,0,0,0,0,0,0,0,0,0,0,0,0,0,0,0,0,0,0,0,0,0,0,7928733,5643640
cc-urand,nobalance,cpu0.weightedinterleave0_2,80G,181.05,55.23,17.5,0,0,0,0,0,0,0,0,,,,,,,,,0,,,,,,,,,0,,,,,,,,,0,,,,,,,,,5697206,5643729
cc-urand,tpp_thp,cpu0.weightedinterleave0_2,80G,147.69,67.71,13.1,2228227,6749997,13183,15415,2228227,0,2228227,4352,0,0,0,0,0,0,0,0,13295,0,0,0,0,0,0,0,0,0,0,0,0,0,0,0,0,0,0,0,0,0,0,0,0,0,0,2869847,2246696
cc-urand,nobalance_thp,cpu0.weightedinterleave0_2,80G,155.71,64.22,17.5,0,0,0,0,0,0,0,0,0,0,0,0,0,0,0,0,13295,0,0,0,0,0,0,0,0,0,0,0,0,0,0,0,0,0,0,0,0,0,0,0,0,0,0,2300027,2246671
cc-urand,tpp_thp_512K,cpu0.weightedinterleave0_2,80G,173.3,57.7,13.0,1073536,5830903,0,43554,1073541,0,1073541,0,0,0,0,0,0,8387,0,0,0,0,0,0,0,0,53231,0,0,0,0,0,0,0,0,0,0,0,0,0,0,0,0,0,0,0,0,2322522,2263471
cc-urand,nobalance_thp_512K,cpu0.weightedinterleave0_2,80G,173.75,57.55,17.5,0,0,0,0,0,0,0,0,0,0,0,0,0,0,0,0,0,0,0,0,0,0,53232,0,0,0,0,0,0,0,0,0,0,0,0,0,0,0,0,0,0,0,0,2315677,2263410
cc-urand,tpp_thp_64K,cpu0.weightedinterleave0_2,80G,175.79,56.89,13.0,1898752,6453531,0,401334,1898752,0,1898752,0,0,0,118672,0,0,0,0,0,0,0,0,426248,0,0,0,0,0,0,0,0,0,0,0,0,0,0,0,0,0,0,0,0,0,0,0,2615395,2448973
cc-urand,nobalance_thp_64K,cpu0.weightedinterleave0_2,80G,174.44,57.33,17.5,0,0,0,0,0,0,0,0,0,0,0,0,0,0,0,0,0,0,0,426482,0,0,0,0,0,0,0,0,0,0,0,0,0,0,0,0,0,0,0,0,0,0,0,2505167,2448982
cc-web,tpp,cpu0.weightedinterleave0_2,80G,222.8,44.88,11.8,1185391,4379908,0,3581511,1185444,0,1185444,0,0,0,0,0,0,0,0,0,0,0,0,0,0,0,0,0,0,0,0,0,0,0,0,0,0,0,0,0,0,0,0,0,0,0,0,11621560,10366443
cc-web,nobalance,cpu0.weightedinterleave0_2,80G,269.47,37.11,15.3,0,0,0,0,0,0,0,0,,,,,,,,,0,,,,,,,,,0,,,,,,,,,0,,,,,,,,,10453841,10366560
cc-web,tpp_thp,cpu0.weightedinterleave0_2,80G,189.74,52.7,10.8,1651103,5309384,10364,14133,1651103,0,1651103,3223,0,0,0,0,0,0,0,0,32514,0,0,0,0,0,0,0,0,0,0,0,0,0,0,0,0,0,0,0,0,0,0,0,0,0,0,2115244,2056867
cc-web,nobalance_thp,cpu0.weightedinterleave0_2,80G,230.06,43.47,15.3,0,0,0,0,0,0,0,0,0,0,0,0,0,0,0,0,32514,0,0,0,0,0,0,0,0,0,0,0,0,0,0,0,0,0,0,0,0,0,0,0,0,0,0,2139154,2056868
cc-web,tpp_thp_512K,cpu0.weightedinterleave0_2,80G,201.87,49.54,10.8,1491076,4991912,0,37106,1491076,0,1491076,0,0,0,0,0,0,11647,0,0,0,0,0,0,0,0,130328,0,0,0,0,0,0,0,0,0,0,0,0,0,0,0,0,0,0,0,0,2161929,2088841
cc-web,nobalance_thp_512K,cpu0.weightedinterleave0_2,80G,252.08,39.67,15.3,0,0,0,0,0,0,0,0,0,0,0,0,0,0,0,0,0,0,0,0,0,0,130338,0,0,0,0,0,0,0,0,0,0,0,0,0,0,0,0,0,0,0,0,2830534,2088571
cc-web,tpp_thp_64K,cpu0.weightedinterleave0_2,80G,203.35,49.18,10.8,1323805,4656450,0,249963,1323805,0,1323805,0,0,0,82736,0,0,0,0,0,0,0,0,1045254,0,0,0,0,0,0,0,0,0,0,0,0,0,0,0,0,0,0,0,0,0,0,0,2663650,2528760
cc-web,nobalance_thp_64K,cpu0.weightedinterleave0_2,80G,252.79,39.56,15.3,0,0,0,0,0,0,0,0,0,0,0,0,0,0,0,0,0,0,0,1059321,0,0,0,0,0,0,0,0,0,0,0,0,0,0,0,0,0,0,0,0,0,0,0,3063559,2528743
pr-urand,tpp,cpu0.weightedinterleave0_2,80G,286.51,34.9,17.6,2261057,7373102,0,7314264,2261075,0,2261075,0,0,0,0,0,0,0,0,0,0,0,0,0,0,0,0,0,0,0,0,0,0,0,0,0,0,0,0,0,0,0,0,0,0,0,0,7462859,5118262
pr-urand,nobalance,cpu0.weightedinterleave0_2,80G,284.54,35.14,18.0,0,0,0,0,0,0,0,0,,,,,,,,,0,,,,,,,,,0,,,,,,,,,0,,,,,,,,,5196799,5118360
pr-urand,tpp_thp,cpu0.weightedinterleave0_2,80G,269.56,37.1,13.6,2228233,7206968,14072,18882,2228233,0,2228233,4352,0,0,0,0,0,0,0,0,11255,0,0,0,0,0,0,0,0,0,0,0,0,0,0,0,0,0,0,0,0,0,0,0,0,0,0,2324895,2242610
pr-urand,nobalance_thp,cpu0.weightedinterleave0_2,80G,271.19,36.87,18.0,0,0,0,0,0,0,0,0,0,0,0,0,0,0,0,0,11255,0,0,0,0,0,0,0,0,0,0,0,0,0,0,0,0,0,0,0,0,0,0,0,0,0,0,2987160,2242587
pr-urand,tpp_thp_512K,cpu0.weightedinterleave0_2,80G,276.58,36.16,13.5,2261183,7110503,0,55651,2261183,0,2261183,0,0,0,0,0,0,17665,0,0,0,0,0,0,0,0,45047,0,0,0,0,0,0,0,0,0,0,0,0,0,0,0,0,0,0,0,0,2354501,2257792
pr-urand,nobalance_thp_512K,cpu0.weightedinterleave0_2,80G,277.9,35.98,18.0,0,0,0,0,0,0,0,0,0,0,0,0,0,0,0,0,0,0,0,0,0,0,45047,0,0,0,0,0,0,0,0,0,0,0,0,0,0,0,0,0,0,0,0,2337201,2257779
pr-urand,tpp_thp_64K,cpu0.weightedinterleave0_2,80G,271.14,36.88,13.4,2372007,7554295,0,464082,2372007,0,2372007,0,0,0,148249,0,0,0,0,0,0,0,0,360838,0,0,0,0,0,0,0,0,0,0,0,0,0,0,0,0,0,0,0,0,0,0,0,2633130,2415060
pr-urand,nobalance_thp_64K,cpu0.weightedinterleave0_2,80G,277.65,36.02,18.0,0,0,0,0,0,0,0,0,0,0,0,0,0,0,0,0,0,0,0,361218,0,0,0,0,0,0,0,0,0,0,0,0,0,0,0,0,0,0,0,0,0,0,0,2500185,2415017
pr-web,tpp,cpu0.weightedinterleave0_2,80G,210.01,47.62,12.0,49457,1747794,0,805418,49484,0,49484,0,0,0,0,0,0,0,0,0,0,0,0,0,0,0,0,0,0,0,0,0,0,0,0,0,0,0,0,0,0,0,0,0,0,0,0,4951977,4815073
pr-web,nobalance,cpu0.weightedinterleave0_2,80G,209.04,47.84,15.5,0,0,0,0,0,0,0,0,,,,,,,,,0,,,,,,,,,0,,,,,,,,,0,,,,,,,,,4876229,4815140
pr-web,tpp_thp,cpu0.weightedinterleave0_2,80G,197.45,50.65,11.1,49459,2067469,4031,5672,49459,0,49459,96,0,0,0,0,0,0,0,0,11010,0,0,0,0,0,0,0,0,0,0,0,0,0,0,0,0,0,0,0,0,0,0,0,0,0,0,2061754,2001771
pr-web,nobalance_thp,cpu0.weightedinterleave0_2,80G,197.53,50.63,15.5,0,0,0,0,0,0,0,0,0,0,0,0,0,0,0,0,11010,0,0,0,0,0,0,0,0,0,0,0,0,0,0,0,0,0,0,0,0,0,0,0,0,0,0,2072409,2001707
pr-web,tpp_thp_512K,cpu0.weightedinterleave0_2,80G,199.31,50.17,11.0,49349,1730586,0,7634,49349,0,49349,0,0,0,0,0,0,385,0,0,0,0,0,0,0,0,44087,0,0,0,0,0,0,0,0,0,0,0,0,0,0,0,0,0,0,0,0,2076029,2015323
pr-web,nobalance_thp_512K,cpu0.weightedinterleave0_2,80G,199.81,50.05,15.5,0,0,0,0,0,0,0,0,0,0,0,0,0,0,0,0,0,0,0,0,0,0,44136,0,0,0,0,0,0,0,0,0,0,0,0,0,0,0,0,0,0,0,0,2733905,2013265
pr-web,tpp_thp_64K,cpu0.weightedinterleave0_2,80G,199.91,50.02,11.0,49462,1264099,0,20241,49462,0,49462,0,0,0,3091,0,0,0,0,0,0,0,0,353355,0,0,0,0,0,0,0,0,0,0,0,0,0,0,0,0,0,0,0,0,0,0,0,2224444,2167286
pr-web,nobalance_thp_64K,cpu0.weightedinterleave0_2,80G,200.29,49.93,15.5,0,0,0,0,0,0,0,0,0,0,0,0,0,0,0,0,0,0,0,353561,0,0,0,0,0,0,0,0,0,0,0,0,0,0,0,0,0,0,0,0,0,0,0,2224149,2167265
NPB-BT.D,tpp,cpu0.weightedinterleave0_2,80G,719.08,14546.8,54.1,9305480,27917370,0,27917301,9305480,0,9305480,0,0,0,0,0,0,0,0,0,0,0,0,0,0,0,0,0,0,0,0,0,0,0,0,0,0,0,0,0,0,0,0,0,0,0,0,18820199,9767122
NPB-BT.D,nobalance,cpu0.weightedinterleave0_2,80G,766.44,13676.68,-0.1,0,0,0,0,0,0,0,0,,,,,,,,,0,,,,,,,,,0,,,,,,,,,0,,,,,,,,,9523817,9324258
NPB-BT.D,tpp_thp,cpu0.weightedinterleave0_2,80G,607.59,17981.06,54.1,9314690,27944222,54561,63486,9314690,0,9314690,18187,0,0,0,0,0,0,0,0,36374,0,0,0,0,0,0,0,0,0,0,0,0,0,0,0,0,0,0,0,0,0,0,0,0,0,0,212940,39756
NPB-BT.D,nobalance_thp,cpu0.weightedinterleave0_2,80G,732.7,14352.73,71.0,0,0,0,0,0,0,0,0,0,0,0,0,0,0,0,0,36374,0,0,0,0,0,0,0,0,0,0,0,0,0,0,0,0,0,0,0,0,0,0,0,0,0,0,923616,39762
NPB-BT.D,tpp_thp_512K,cpu0.weightedinterleave0_2,80G,640.09,16739.2,54.1,9315241,27946066,0,222132,9315241,0,9315241,0,0,0,0,0,0,72766,0,0,0,0,0,0,0,0,145524,0,0,0,0,0,0,0,0,0,0,0,0,0,0,0,0,0,0,0,0,335516,92625
NPB-BT.D,nobalance_thp_512K,cpu0.weightedinterleave0_2,80G,760.56,13669.25,-0.1,0,0,0,0,0,0,0,0,0,0,0,0,0,0,0,0,0,0,0,0,0,0,145535,0,0,0,0,0,0,0,0,0,0,0,0,0,0,0,0,0,0,0,0,972455,92587
NPB-BT.D,tpp_thp_64K,cpu0.weightedinterleave0_2,80G,696.83,14942.45,54.1,9314730,27944336,0,1748648,9314730,0,9314730,0,0,0,582125,0,0,0,0,0,0,0,0,1165284,0,0,0,0,0,0,0,0,0,0,0,0,0,0,0,0,0,0,0,0,0,0,0,1350857,601470
NPB-BT.D,nobalance_thp_64K,cpu0.weightedinterleave0_2,80G,754.66,13760.58,69.5,0,0,0,0,0,0,0,0,0,0,0,0,0,0,0,0,0,0,0,1188481,0,0,0,0,0,0,0,0,0,0,0,0,0,0,0,0,0,0,0,0,0,0,0,1243957,601451
NPB-CG.D,tpp,cpu0.weightedinterleave0_2,80G,284.26,1986.38,7.8,1645427,6366330,0,5873387,1645427,0,1645427,0,0,0,0,0,0,0,0,0,0,0,0,0,0,0,0,0,0,0,0,0,0,0,0,0,0,0,0,0,0,0,0,0,0,0,0,3864858,2143023
NPB-CG.D,nobalance,cpu0.weightedinterleave0_2,80G,291.25,1902.62,16.3,0,0,0,0,0,0,0,0,,,,,,,,,0,,,,,,,,,0,,,,,,,,,0,,,,,,,,,2223930,2143039
NPB-CG.D,tpp_thp,cpu0.weightedinterleave0_2,80G,263.2,2143.78,7.8,2088724,6366977,12428,15472,2088727,0,2088727,4078,0,0,0,0,0,0,0,0,8355,0,0,0,0,0,0,0,0,0,0,0,0,0,0,0,0,0,0,0,0,0,0,0,0,0,0,132664,10207
NPB-CG.D,nobalance_thp,cpu0.weightedinterleave0_2,80G,277.96,1989.19,16.3,0,0,0,0,0,0,0,0,0,0,0,0,0,0,0,0,8344,0,0,0,0,0,0,0,0,0,0,0,0,0,0,0,0,0,0,0,0,0,0,0,0,0,0,762815,10191
NPB-CG.D,tpp_thp_512K,cpu0.weightedinterleave0_2,80G,285.9,1917.29,7.8,1720338,6000923,0,48439,1720343,0,1720343,0,0,0,0,0,0,13436,0,0,0,0,0,0,0,0,33404,0,0,0,0,0,0,0,0,0,0,0,0,0,0,0,0,0,0,0,0,114604,21952
NPB-CG.D,nobalance_thp_512K,cpu0.weightedinterleave0_2,80G,288.57,1911.76,16.3,0,0,0,0,0,0,0,0,0,0,0,0,0,0,0,0,0,0,0,0,0,0,33405,0,0,0,0,0,0,0,0,0,0,0,0,0,0,0,0,0,0,0,0,109104,21916
NPB-CG.D,tpp_thp_64K,cpu0.weightedinterleave0_2,80G,280.65,1993.13,7.8,1456507,6365531,0,355508,1456507,0,1456507,0,0,0,91028,0,0,0,0,0,0,0,0,267772,0,0,0,0,0,0,0,0,0,0,0,0,0,0,0,0,0,0,0,0,0,0,0,306881,138242
NPB-CG.D,nobalance_thp_64K,cpu0.weightedinterleave0_2,80G,288.81,1907.06,16.3,0,0,0,0,0,0,0,0,0,0,0,0,0,0,0,0,0,0,0,268053,0,0,0,0,0,0,0,0,0,0,0,0,0,0,0,0,0,0,0,0,0,0,0,219804,138203
NPB-FT.C,tpp,cpu0.weightedinterleave0_2,80G,310.92,9531.98,12.7,5107468,15746804,0,15605735,5107468,0,5107468,0,0,0,0,0,0,0,0,0,0,0,0,0,0,0,0,0,0,0,0,0,0,0,0,0,0,0,0,0,0,0,0,0,0,0,0,10453944,5259708
NPB-FT.C,nobalance,cpu0.weightedinterleave0_2,80G,332.84,8878.48,-0.1,0,0,0,0,0,0,0,0,,,,,,,,,0,,,,,,,,,0,,,,,,,,,0,,,,,,,,,5354936,5259702
NPB-FT.C,tpp_thp,cpu0.weightedinterleave0_2,80G,250.06,12184.16,23.4,5249878,15749716,30750,36466,5249878,0,5249878,10250,0,0,0,0,0,0,0,0,20497,0,0,0,0,0,0,0,0,0,0,0,0,0,0,0,0,0,0,0,0,0,0,0,0,0,0,103191,22726
NPB-FT.C,nobalance_thp,cpu0.weightedinterleave0_2,80G,340.47,8591.13,40.0,0,0,0,0,0,0,0,0,0,0,0,0,0,0,0,0,20498,0,0,0,0,0,0,0,0,0,0,0,0,0,0,0,0,0,0,0,0,0,0,0,0,0,0,790441,22704
NPB-FT.C,tpp_thp_512K,cpu0.weightedinterleave0_2,80G,250.3,11937.98,13.2,5248957,15747147,0,126881,5248957,0,5248957,0,0,0,0,0,0,40998,0,0,0,0,0,0,0,0,81998,0,0,0,0,0,0,0,0,0,0,0,0,0,0,0,0,0,0,0,0,165189,52836
NPB-FT.C,nobalance_thp_512K,cpu0.weightedinterleave0_2,80G,336.71,8619.33,38.0,0,0,0,0,0,0,0,0,0,0,0,0,0,0,0,0,0,0,0,0,0,0,82004,0,0,0,0,0,0,0,0,0,0,0,0,0,0,0,0,0,0,0,0,344413,52682
NPB-FT.C,tpp_thp_64K,cpu0.weightedinterleave0_2,80G,304.69,9624.36,12.3,5110596,15746451,0,977484,5110597,0,5110597,0,0,0,319401,0,0,0,0,0,0,0,0,656552,0,0,0,0,0,0,0,0,0,0,0,0,0,0,0,0,0,0,0,0,0,0,0,745236,339605
NPB-FT.C,nobalance_thp_64K,cpu0.weightedinterleave0_2,80G,334.9,8679.21,39.9,0,0,0,0,0,0,0,0,0,0,0,0,0,0,0,0,0,0,0,670331,0,0,0,0,0,0,0,0,0,0,0,0,0,0,0,0,0,0,0,0,0,0,0,893589,339548
NPB-LU.D,tpp,cpu0.weightedinterleave0_2,80G,462.38,16245.05,49.5,7532378,22597705,0,22597628,7532378,0,7532378,0,0,0,0,0,0,0,0,0,0,0,0,0,0,0,0,0,0,0,0,0,0,0,0,0,0,0,0,0,0,0,0,0,0,0,0,15202692,7548749
NPB-LU.D,nobalance,cpu0.weightedinterleave0_2,80G,505.53,13905.06,-0.1,0,0,0,0,0,0,0,0,,,,,,,,,0,,,,,,,,,0,,,,,,,,,0,,,,,,,,,7688212,7548745
NPB-LU.D,tpp_thp,cpu0.weightedinterleave0_2,80G,373.32,22372.22,40.6,7540410,22621917,44173,50213,7540415,0,7540415,14724,0,0,0,0,0,0,0,0,29451,0,0,0,0,0,0,0,0,0,0,0,0,0,0,0,0,0,0,0,0,0,0,0,0,0,0,145227,31565
NPB-LU.D,nobalance_thp,cpu0.weightedinterleave0_2,80G,495.67,14084.84,57.5,0,0,0,0,0,0,0,0,0,0,0,0,0,0,0,0,29451,0,0,0,0,0,0,0,0,0,0,0,0,0,0,0,0,0,0,0,0,0,0,0,0,0,0,176425,31554
NPB-LU.D,tpp_thp_512K,cpu0.weightedinterleave0_2,80G,378.48,21778.29,40.6,7540652,22623647,0,180740,7540652,0,7540652,0,0,0,0,0,0,58905,0,0,0,0,0,0,0,0,117866,0,0,0,0,0,0,0,0,0,0,0,0,0,0,0,0,0,0,0,0,277391,75111
NPB-LU.D,nobalance_thp_512K,cpu0.weightedinterleave0_2,80G,505.73,13762.17,57.5,0,0,0,0,0,0,0,0,0,0,0,0,0,0,0,0,0,0,0,0,0,0,117833,0,0,0,0,0,0,0,0,0,0,0,0,0,0,0,0,0,0,0,0,881283,75082
NPB-LU.D,tpp_thp_64K,cpu0.weightedinterleave0_2,80G,448.32,16699.12,40.6,7540470,22621806,0,1415700,7540470,0,7540470,0,0,0,471245,0,0,0,0,0,0,0,0,943415,0,0,0,0,0,0,0,0,0,0,0,0,0,0,0,0,0,0,0,0,0,0,0,1084987,487058
NPB-LU.D,nobalance_thp_64K,cpu0.weightedinterleave0_2,80G,501.89,13891.17,57.5,0,0,0,0,0,0,0,0,0,0,0,0,0,0,0,0,0,0,0,957304,0,0,0,0,0,0,0,0,0,0,0,0,0,0,0,0,0,0,0,0,0,0,0,1080541,487019
NPB-MG.D,tpp,cpu0.weightedinterleave0_2,80G,194.56,7453.87,10.4,3177522,10172814,0,10109698,3177522,0,3177522,0,0,0,0,0,0,0,0,0,0,0,0,0,0,0,0,0,0,0,0,0,0,0,0,0,0,0,0,0,0,0,0,0,0,0,0,6708341,3475079
NPB-MG.D,nobalance,cpu0.weightedinterleave0_2,80G,203.97,7046.25,-0.1,0,0,0,0,0,0,0,0,,,,,,,,,0,,,,,,,,,0,,,,,,,,,0,,,,,,,,,3535375,3475083
NPB-MG.D,tpp_thp,cpu0.weightedinterleave0_2,80G,132.61,11607.58,10.4,3466120,10403052,20315,21829,3466122,0,3466122,6769,0,0,0,0,0,0,0,0,13544,0,0,0,0,0,0,0,0,0,0,0,0,0,0,0,0,0,0,0,0,0,0,0,0,0,0,59631,14593
NPB-MG.D,nobalance_thp,cpu0.weightedinterleave0_2,80G,204.66,6942.1,26.4,0,0,0,0,0,0,0,0,0,0,0,0,0,0,0,0,13544,0,0,0,0,0,0,0,0,0,0,0,0,0,0,0,0,0,0,0,0,0,0,0,0,0,0,76816,14563
NPB-MG.D,tpp_thp_512K,cpu0.weightedinterleave0_2,80G,157.65,9330.42,10.4,3465953,10401923,0,81749,3465954,0,3465954,0,0,0,0,0,0,27077,0,0,0,0,0,0,0,0,54185,0,0,0,0,0,0,0,0,0,0,0,0,0,0,0,0,0,0,0,0,120569,34403
NPB-MG.D,nobalance_thp_512K,cpu0.weightedinterleave0_2,80G,201.39,7028.14,-0.1,0,0,0,0,0,0,0,0,0,0,0,0,0,0,0,0,0,0,0,0,0,0,54184,0,0,0,0,0,0,0,0,0,0,0,0,0,0,0,0,0,0,0,0,159379,34412
NPB-MG.D,tpp_thp_64K,cpu0.weightedinterleave0_2,80G,197.94,7178.64,10.4,2107402,9194125,0,565123,2107402,0,2107402,0,0,0,131712,0,0,0,0,0,0,0,0,433866,0,0,0,0,0,0,0,0,0,0,0,0,0,0,0,0,0,0,0,0,0,0,0,418376,223937
NPB-MG.D,nobalance_thp_64K,cpu0.weightedinterleave0_2,80G,201.27,7043.87,26.3,0,0,0,0,0,0,0,0,0,0,0,0,0,0,0,0,0,0,0,434042,0,0,0,0,0,0,0,0,0,0,0,0,0,0,0,0,0,0,0,0,0,0,0,282108,223883
NPB-SP.D,tpp,cpu0.weightedinterleave0_2,80G,436.25,6769.44,57.5,276887,20969269,0,19773400,276887,0,276887,0,0,0,0,0,0,0,0,0,0,0,0,0,0,0,0,0,0,0,0,0,0,0,0,0,0,0,0,0,0,0,0,0,0,0,0,10597529,9767732
NPB-SP.D,nobalance,cpu0.weightedinterleave0_2,80G,428.53,6853.62,74.3,0,0,0,0,0,0,0,0,,,,,,,,,0,,,,,,,,,0,,,,,,,,,0,,,,,,,,,9989595,9767742
NPB-SP.D,tpp_thp,cpu0.weightedinterleave0_2,80G,303.57,11171.59,57.5,9757566,29272918,57159,65407,9757566,0,9757566,19053,0,0,0,0,0,0,0,0,38106,0,0,0,0,0,0,0,0,0,0,0,0,0,0,0,0,0,0,0,0,0,0,0,0,0,0,142928,40975
NPB-SP.D,nobalance_thp,cpu0.weightedinterleave0_2,80G,442.17,6581.14,74.3,0,0,0,0,0,0,0,0,0,0,0,0,0,0,0,0,38106,0,0,0,0,0,0,0,0,0,0,0,0,0,0,0,0,0,0,0,0,0,0,0,0,0,0,165666,40957
NPB-SP.D,tpp_thp_512K,cpu0.weightedinterleave0_2,80G,332.21,9390.23,57.5,9758121,29274646,0,230926,9758121,0,9758121,0,0,0,0,0,0,76230,0,0,0,0,0,0,0,0,152451,0,0,0,0,0,0,0,0,0,0,0,0,0,0,0,0,0,0,0,0,269796,96426
NPB-SP.D,nobalance_thp_512K,cpu0.weightedinterleave0_2,80G,440.25,6523.54,74.3,0,0,0,0,0,0,0,0,0,0,0,0,0,0,0,0,0,0,0,0,0,0,152458,0,0,0,0,0,0,0,0,0,0,0,0,0,0,0,0,0,0,0,0,886905,96412
NPB-SP.D,tpp_thp_64K,cpu0.weightedinterleave0_2,80G,428.63,6710.66,57.5,277204,20760299,0,1237420,277204,0,277204,0,0,0,17325,0,0,0,0,0,0,0,0,1220649,0,0,0,0,0,0,0,0,0,0,0,0,0,0,0,0,0,0,0,0,0,0,0,788621,640514
NPB-SP.D,nobalance_thp_64K,cpu0.weightedinterleave0_2,80G,426.19,6746.11,74.3,0,0,0,0,0,0,0,0,0,0,0,0,0,0,0,0,0,0,0,1234153,0,0,0,0,0,0,0,0,0,0,0,0,0,0,0,0,0,0,0,0,0,0,0,1203378,629451
faster_uniform_ycsb_a,tpp,cpu0.weightedinterleave0_2,80G,319.86,1503979.87,5.3,1064014,3219345,0,3197654,1064026,0,1064026,0,0,0,0,0,0,0,0,0,0,0,0,0,0,0,0,0,0,0,0,0,0,0,0,0,0,0,0,0,0,0,0,0,0,0,0,2241071,1090957
faster_uniform_ycsb_a,nobalance,cpu0.weightedinterleave0_2,80G,318.92,999567.64,8.3,0,0,0,0,0,0,0,0,,,,,,,,,0,,,,,,,,,0,,,,,,,,,0,,,,,,,,,1185884,1090898
faster_uniform_ycsb_a,tpp_thp,cpu0.weightedinterleave0_2,80G,313.33,1974906.25,4.0,1063941,3214094,6276,6740,1063953,0,1063953,2078,0,0,0,0,0,0,0,0,4241,0,0,0,0,0,0,0,0,0,0,0,0,0,0,0,0,0,0,0,0,0,0,0,0,0,0,91429,5551
faster_uniform_ycsb_a,nobalance_thp,cpu0.weightedinterleave0_2,80G,313.3,1167381.62,8.3,0,0,0,0,0,0,0,0,0,0,0,0,0,0,0,0,4241,0,0,0,0,0,0,0,0,0,0,0,0,0,0,0,0,0,0,0,0,0,0,0,0,0,0,99489,5577
faster_uniform_ycsb_a,tpp_thp_512K,cpu0.weightedinterleave0_2,80G,314.52,1590121.4,4.4,1064196,3219659,0,25235,1064205,0,1064205,0,0,0,0,0,0,8314,0,0,0,0,0,0,0,0,17087,0,0,0,0,0,0,0,0,0,0,0,0,0,0,0,0,0,0,0,0,110622,11669
faster_uniform_ycsb_a,nobalance_thp_512K,cpu0.weightedinterleave0_2,80G,314.33,1032337.22,8.3,0,0,0,0,0,0,0,0,0,0,0,0,0,0,0,0,0,0,0,0,0,0,17095,0,0,0,0,0,0,0,0,0,0,0,0,0,0,0,0,0,0,0,0,763876,11720
faster_uniform_ycsb_a,tpp_thp_64K,cpu0.weightedinterleave0_2,80G,314.35,1585431.54,4.3,1064078,3219578,0,199972,1064078,0,1064078,0,0,0,66504,0,0,0,0,0,0,0,0,136483,0,0,0,0,0,0,0,0,0,0,0,0,0,0,0,0,0,0,0,0,0,0,0,222560,71126
faster_uniform_ycsb_a,nobalance_thp_64K,cpu0.weightedinterleave0_2,80G,314.15,1035430.29,8.3,0,0,0,0,0,0,0,0,0,0,0,0,0,0,0,0,0,0,0,136846,0,0,0,0,0,0,0,0,0,0,0,0,0,0,0,0,0,0,0,0,0,0,0,167186,71140
faster_uniform_ycsb_b,tpp,cpu0.weightedinterleave0_2,80G,319.84,2017779.87,5.3,1064026,3219343,0,3197653,1064031,0,1064031,0,0,0,0,0,0,0,0,0,0,0,0,0,0,0,0,0,0,0,0,0,0,0,0,0,0,0,0,0,0,0,0,0,0,0,0,2247137,1090913
faster_uniform_ycsb_b,nobalance,cpu0.weightedinterleave0_2,80G,318.85,1353460.71,8.3,0,0,0,0,0,0,0,0,,,,,,,,,0,,,,,,,,,0,,,,,,,,,0,,,,,,,,,1187581,1090936
faster_uniform_ycsb_b,tpp_thp,cpu0.weightedinterleave0_2,80G,313.36,2719756.48,4.0,1064964,3216654,6281,6746,1064977,0,1064977,2080,0,0,0,0,0,0,0,0,4241,0,0,0,0,0,0,0,0,0,0,0,0,0,0,0,0,0,0,0,0,0,0,0,0,0,0,91280,5538
faster_uniform_ycsb_b,nobalance_thp,cpu0.weightedinterleave0_2,80G,313.35,1580377.23,8.3,0,0,0,0,0,0,0,0,0,0,0,0,0,0,0,0,4242,0,0,0,0,0,0,0,0,0,0,0,0,0,0,0,0,0,0,0,0,0,0,0,0,0,0,236079,5576
faster_uniform_ycsb_b,tpp_thp_512K,cpu0.weightedinterleave0_2,80G,314.57,2123977.86,4.4,1064196,3219669,0,25246,1064202,0,1064202,0,0,0,0,0,0,8314,0,0,0,0,0,0,0,0,17088,0,0,0,0,0,0,0,0,0,0,0,0,0,0,0,0,0,0,0,0,109580,11650
faster_uniform_ycsb_b,nobalance_thp_512K,cpu0.weightedinterleave0_2,80G,314.25,1361909.57,8.3,0,0,0,0,0,0,0,0,0,0,0,0,0,0,0,0,0,0,0,0,0,0,17086,0,0,0,0,0,0,0,0,0,0,0,0,0,0,0,0,0,0,0,0,110053,11708
faster_uniform_ycsb_b,tpp_thp_64K,cpu0.weightedinterleave0_2,80G,314.35,2110396.92,4.2,1064080,3219539,0,199979,1064080,0,1064080,0,0,0,66504,0,0,0,0,0,0,0,0,136470,0,0,0,0,0,0,0,0,0,0,0,0,0,0,0,0,0,0,0,0,0,0,0,221092,71125
faster_uniform_ycsb_b,nobalance_thp_64K,cpu0.weightedinterleave0_2,80G,314.21,1366792.64,6.4,0,0,0,0,0,0,0,0,0,0,0,0,0,0,0,0,0,0,0,141168,0,0,0,0,0,0,0,0,0,0,0,0,0,0,0,0,0,0,0,0,0,0,0,288765,71136
faster_uniform_ycsb_c,tpp,cpu0.weightedinterleave0_2,80G,319.88,2263268.69,5.3,1064037,3219340,0,3197650,1064037,0,1064037,0,0,0,0,0,0,0,0,0,0,0,0,0,0,0,0,0,0,0,0,0,0,0,0,0,0,0,0,0,0,0,0,0,0,0,0,2264547,1090949
faster_uniform_ycsb_c,nobalance,cpu0.weightedinterleave0_2,80G,318.8,1497248.88,8.3,0,0,0,0,0,0,0,0,,,,,,,,,0,,,,,,,,,0,,,,,,,,,0,,,,,,,,,1231945,1090963
faster_uniform_ycsb_c,tpp_thp,cpu0.weightedinterleave0_2,80G,313.36,3107650.06,4.0,1064965,3216651,6281,6743,1064976,0,1064976,2080,0,0,0,0,0,0,0,0,4241,0,0,0,0,0,0,0,0,0,0,0,0,0,0,0,0,0,0,0,0,0,0,0,0,0,0,93405,5539
faster_uniform_ycsb_c,nobalance_thp,cpu0.weightedinterleave0_2,80G,313.35,1750506.85,8.3,0,0,0,0,0,0,0,0,0,0,0,0,0,0,0,0,4241,0,0,0,0,0,0,0,0,0,0,0,0,0,0,0,0,0,0,0,0,0,0,0,0,0,0,758141,5561
faster_uniform_ycsb_c,tpp_thp_512K,cpu0.weightedinterleave0_2,80G,314.61,2385952.34,4.4,1064196,3219673,0,25378,1064210,0,1064210,0,0,0,0,0,0,8314,0,0,0,0,0,0,0,0,17088,0,0,0,0,0,0,0,0,0,0,0,0,0,0,0,0,0,0,0,0,108092,11698
faster_uniform_ycsb_c,nobalance_thp_512K,cpu0.weightedinterleave0_2,80G,314.34,1493530.17,8.3,0,0,0,0,0,0,0,0,0,0,0,0,0,0,0,0,0,0,0,0,0,0,17102,0,0,0,0,0,0,0,0,0,0,0,0,0,0,0,0,0,0,0,0,766498,11646
faster_uniform_ycsb_c,tpp_thp_64K,cpu0.weightedinterleave0_2,80G,314.38,2348256.62,4.3,1064051,3219481,0,199979,1064061,0,1064061,0,0,0,66503,0,0,0,0,0,0,0,0,136440,0,0,0,0,0,0,0,0,0,0,0,0,0,0,0,0,0,0,0,0,0,0,0,218949,71116
faster_uniform_ycsb_c,nobalance_thp_64K,cpu0.weightedinterleave0_2,80G,314.19,1495562.34,8.3,0,0,0,0,0,0,0,0,0,0,0,0,0,0,0,0,0,0,0,150333,0,0,0,0,0,0,0,0,0,0,0,0,0,0,0,0,0,0,0,0,0,0,0,626882,71106
faster_uniform_ycsb_f,tpp,cpu0.weightedinterleave0_2,80G,320.09,1860554.06,5.3,1056571,3211713,0,3184946,1056571,0,1056571,0,0,0,0,0,0,0,0,0,0,0,0,0,0,0,0,0,0,0,0,0,0,0,0,0,0,0,0,0,0,0,0,0,0,0,0,2238270,1090906
faster_uniform_ycsb_f,nobalance,cpu0.weightedinterleave0_2,80G,318.98,1525239.36,8.3,0,0,0,0,0,0,0,0,,,,,,,,,0,,,,,,,,,0,,,,,,,,,0,,,,,,,,,1179116,1090918
faster_uniform_ycsb_f,tpp_thp,cpu0.weightedinterleave0_2,80G,313.63,2496061.71,4.0,1064967,3216658,6281,6749,1064978,0,1064978,2080,0,0,0,0,0,0,0,0,4241,0,0,0,0,0,0,0,0,0,0,0,0,0,0,0,0,0,0,0,0,0,0,0,0,0,0,95565,5537
faster_uniform_ycsb_f,nobalance_thp,cpu0.weightedinterleave0_2,80G,313.61,1850666.73,8.3,0,0,0,0,0,0,0,0,0,0,0,0,0,0,0,0,4241,0,0,0,0,0,0,0,0,0,0,0,0,0,0,0,0,0,0,0,0,0,0,0,0,0,0,761990,5561
faster_uniform_ycsb_f,tpp_thp_512K,cpu0.weightedinterleave0_2,80G,314.77,1959433.74,4.4,1064196,3219793,0,25369,1064203,0,1064203,0,0,0,0,0,0,8314,0,0,0,0,0,0,0,0,17087,0,0,0,0,0,0,0,0,0,0,0,0,0,0,0,0,0,0,0,0,110975,11714
faster_uniform_ycsb_f,nobalance_thp_512K,cpu0.weightedinterleave0_2,80G,314.56,1551018.03,8.4,0,0,0,0,0,0,0,0,0,0,0,0,0,0,0,0,0,0,0,0,0,0,17087,0,0,0,0,0,0,0,0,0,0,0,0,0,0,0,0,0,0,0,0,105603,11691
faster_uniform_ycsb_f,tpp_thp_64K,cpu0.weightedinterleave0_2,80G,314.64,1945077.06,4.3,1064052,3219485,0,199983,1064058,0,1064058,0,0,0,66503,0,0,0,0,0,0,0,0,136457,0,0,0,0,0,0,0,0,0,0,0,0,0,0,0,0,0,0,0,0,0,0,0,218441,71113
faster_uniform_ycsb_f,nobalance_thp_64K,cpu0.weightedinterleave0_2,80G,314.46,1541946.03,8.3,0,0,0,0,0,0,0,0,0,0,0,0,0,0,0,0,0,0,0,136875,0,0,0,0,0,0,0,0,0,0,0,0,0,0,0,0,0,0,0,0,0,0,0,168944,71126
faster_ycsb_a,tpp,cpu0.weightedinterleave0_2,80G,320.06,1871263.46,5.3,1056770,3211425,0,3185085,1056780,0,1056780,0,0,0,0,0,0,0,0,0,0,0,0,0,0,0,0,0,0,0,0,0,0,0,0,0,0,0,0,0,0,0,0,0,0,0,0,2238880,1090919
faster_ycsb_a,nobalance,cpu0.weightedinterleave0_2,80G,319.05,1518422.01,8.3,0,0,0,0,0,0,0,0,,,,,,,,,0,,,,,,,,,0,,,,,,,,,0,,,,,,,,,1178448,1090912
faster_ycsb_a,tpp_thp,cpu0.weightedinterleave0_2,80G,313.58,2498417.91,4.0,1063942,3214088,6276,6734,1063951,0,1063951,2078,0,0,0,0,0,0,0,0,4241,0,0,0,0,0,0,0,0,0,0,0,0,0,0,0,0,0,0,0,0,0,0,0,0,0,0,97984,5545
faster_ycsb_a,nobalance_thp,cpu0.weightedinterleave0_2,80G,313.57,1846296.01,8.3,0,0,0,0,0,0,0,0,0,0,0,0,0,0,0,0,4241,0,0,0,0,0,0,0,0,0,0,0,0,0,0,0,0,0,0,0,0,0,0,0,0,0,0,101345,5556
faster_ycsb_a,tpp_thp_512K,cpu0.weightedinterleave0_2,80G,314.85,1952291.1,4.4,1064197,3219674,0,25251,1064211,0,1064211,0,0,0,0,0,0,8314,0,0,0,0,0,0,0,0,17088,0,0,0,0,0,0,0,0,0,0,0,0,0,0,0,0,0,0,0,0,106774,11650
faster_ycsb_a,nobalance_thp_512K,cpu0.weightedinterleave0_2,80G,314.46,1527038.46,8.3,0,0,0,0,0,0,0,0,0,0,0,0,0,0,0,0,0,0,0,0,0,0,17101,0,0,0,0,0,0,0,0,0,0,0,0,0,0,0,0,0,0,0,0,760307,11626
faster_ycsb_a,tpp_thp_64K,cpu0.weightedinterleave0_2,80G,314.68,1935986.79,4.3,1064049,3219466,0,199957,1064054,0,1064054,0,0,0,66503,0,0,0,0,0,0,0,0,136498,0,0,0,0,0,0,0,0,0,0,0,0,0,0,0,0,0,0,0,0,0,0,0,224322,71117
faster_ycsb_a,nobalance_thp_64K,cpu0.weightedinterleave0_2,80G,314.48,1528446.88,8.3,0,0,0,0,0,0,0,0,0,0,0,0,0,0,0,0,0,0,0,150293,0,0,0,0,0,0,0,0,0,0,0,0,0,0,0,0,0,0,0,0,0,0,0,629362,71125
faster_ycsb_f,tpp,cpu0.weightedinterleave0_2,80G,320.12,979267.76,5.3,1043321,3200524,0,3167274,1043331,0,1043331,0,0,0,0,0,0,0,0,0,0,0,0,0,0,0,0,0,0,0,0,0,0,0,0,0,0,0,0,0,0,0,0,0,0,0,0,2225723,1090925
faster_ycsb_f,nobalance,cpu0.weightedinterleave0_2,80G,319.16,891493.22,8.2,0,0,0,0,0,0,0,0,,,,,,,,,0,,,,,,,,,0,,,,,,,,,0,,,,,,,,,1193661,1090916
faster_ycsb_f,tpp_thp,cpu0.weightedinterleave0_2,80G,313.59,1151890.76,4.0,1063942,3214092,6276,6737,1063952,0,1063952,2078,0,0,0,0,0,0,0,0,4241,0,0,0,0,0,0,0,0,0,0,0,0,0,0,0,0,0,0,0,0,0,0,0,0,0,0,108176,5564
faster_ycsb_f,nobalance_thp,cpu0.weightedinterleave0_2,80G,313.64,991665.91,8.3,0,0,0,0,0,0,0,0,0,0,0,0,0,0,0,0,4241,0,0,0,0,0,0,0,0,0,0,0,0,0,0,0,0,0,0,0,0,0,0,0,0,0,0,752389,5548
faster_ycsb_f,tpp_thp_512K,cpu0.weightedinterleave0_2,80G,314.65,1015893.45,4.3,1064195,3219669,0,25245,1064202,0,1064202,0,0,0,0,0,0,8314,0,0,0,0,0,0,0,0,17087,0,0,0,0,0,0,0,0,0,0,0,0,0,0,0,0,0,0,0,0,103528,11653
faster_ycsb_f,nobalance_thp_512K,cpu0.weightedinterleave0_2,80G,314.5,890058.64,10.6,0,0,0,0,0,0,0,0,0,0,0,0,0,0,0,0,0,0,0,0,0,0,17104,0,0,0,0,0,0,0,0,0,0,0,0,0,0,0,0,0,0,0,0,758364,11700
faster_ycsb_f,tpp_thp_64K,cpu0.weightedinterleave0_2,80G,314.64,1012880.69,4.3,1064067,3219570,0,199963,1064092,0,1064092,0,0,0,66505,0,0,0,0,0,0,0,0,136596,0,0,0,0,0,0,0,0,0,0,0,0,0,0,0,0,0,0,0,0,0,0,0,225891,71099
faster_ycsb_f,nobalance_thp_64K,cpu0.weightedinterleave0_2,80G,314.47,893031.45,8.3,0,0,0,0,0,0,0,0,0,0,0,0,0,0,0,0,0,0,0,136870,0,0,0,0,0,0,0,0,0,0,0,0,0,0,0,0,0,0,0,0,0,0,0,169753,71111
tpch_9,tpp,cpu0.weightedinterleave0_2,80G,219.66,45.52,13.2,1532,57857,0,57499,1532,0,1532,0,0,0,0,0,0,0,0,0,0,0,0,0,0,0,0,0,0,0,0,0,0,0,0,0,0,0,0,0,0,0,0,0,0,0,0,3661385,3595995
tpch_9,nobalance,cpu0.weightedinterleave0_2,80G,222.2,45.0,14.1,0,0,0,0,0,0,0,0,,,,,,,,,0,,,,,,,,,0,,,,,,,,,0,,,,,,,,,3659741,3595910
tpch_9,tpp_thp,cpu0.weightedinterleave0_2,80G,220.03,45.45,13.2,135,92147,144,13029,135,0,135,0,0,0,0,0,0,0,0,0,200,0,0,0,0,0,0,0,0,0,0,0,0,0,0,0,0,0,0,0,0,0,0,0,0,0,0,3618818,3544847
tpch_9,nobalance_thp,cpu0.weightedinterleave0_2,80G,218.95,45.67,0.0,0,0,0,0,0,0,0,0,0,0,0,0,0,0,0,0,199,0,0,0,0,0,0,0,0,0,0,0,0,0,0,0,0,0,0,0,0,0,0,0,0,0,0,3610962,3544593
tpch_9,tpp_thp_512K,cpu0.weightedinterleave0_2,80G,219.76,45.5,13.2,1891,98279,0,9683,1891,0,1891,0,0,0,0,0,0,10,0,0,0,0,0,0,0,0,990,0,0,0,0,0,0,0,0,0,0,0,0,0,0,0,0,0,0,0,0,3591966,3533046
tpch_9,nobalance_thp_512K,cpu0.weightedinterleave0_2,80G,220.34,45.38,0.0,0,0,0,0,0,0,0,0,0,0,0,0,0,0,0,0,0,0,0,0,0,0,994,0,0,0,0,0,0,0,0,0,0,0,0,0,0,0,0,0,0,0,0,3617290,3532850
tpch_9,tpp_thp_64K,cpu0.weightedinterleave0_2,80G,219.14,45.63,13.7,1695,120821,0,9881,1695,0,1695,0,0,0,87,0,0,0,0,0,0,0,0,9086,0,0,0,0,0,0,0,0,0,0,0,0,0,0,0,0,0,0,0,0,0,0,0,3599470,3531573
tpch_9,nobalance_thp_64K,cpu0.weightedinterleave0_2,80G,218.32,45.8,0.0,0,0,0,0,0,0,0,0,0,0,0,0,0,0,0,0,0,0,0,23005,0,0,0,0,0,0,0,0,0,0,0,0,0,0,0,0,0,0,0,0,0,0,0,4085836,3531633
tpch_20,tpp,cpu0.weightedinterleave0_2,80G,85.89,116.43,4.4,71,1097,0,794,71,0,71,0,0,0,0,0,0,0,0,0,0,0,0,0,0,0,0,0,0,0,0,0,0,0,0,0,0,0,0,0,0,0,0,0,0,0,0,1383003,1348844
tpch_20,nobalance,cpu0.weightedinterleave0_2,80G,86.06,116.2,5.0,0,0,0,0,0,0,0,0,,,,,,,,,0,,,,,,,,,0,,,,,,,,,0,,,,,,,,,1377034,1348689
tpch_20,tpp_thp,cpu0.weightedinterleave0_2,80G,85.96,116.33,4.3,69,1332,1,454,69,0,69,0,0,0,0,0,0,0,0,0,0,0,0,0,0,0,0,0,0,0,0,0,0,0,0,0,0,0,0,0,0,0,0,0,0,0,0,1383814,1348506
tpch_20,nobalance_thp,cpu0.weightedinterleave0_2,80G,85.85,116.48,0.0,0,0,0,0,0,0,0,0,0,0,0,0,0,0,0,0,0,0,0,0,0,0,0,0,0,0,0,0,0,0,0,0,0,0,0,0,0,0,0,0,0,0,0,1380170,1348518
tpch_20,tpp_thp_512K,cpu0.weightedinterleave0_2,80G,85.87,116.46,4.4,83,948,0,651,83,0,83,0,0,0,0,0,0,0,0,0,0,0,0,0,0,0,5,0,0,0,0,0,0,0,0,0,0,0,0,0,0,0,0,0,0,0,0,1376097,1348472
tpch_20,nobalance_thp_512K,cpu0.weightedinterleave0_2,80G,85.72,116.66,0.0,0,0,0,0,0,0,0,0,0,0,0,0,0,0,0,0,0,0,0,0,0,0,5,0,0,0,0,0,0,0,0,0,0,0,0,0,0,0,0,0,0,0,0,1380650,1348603
tpch_20,tpp_thp_64K,cpu0.weightedinterleave0_2,80G,85.95,116.35,4.6,106,1198,0,432,106,0,106,0,0,0,3,0,0,0,0,0,0,0,0,392,0,0,0,0,0,0,0,0,0,0,0,0,0,0,0,0,0,0,0,0,0,0,0,1376787,1347698
tpch_20,nobalance_thp_64K,cpu0.weightedinterleave0_2,80G,85.91,116.4,0.0,0,0,0,0,0,0,0,0,0,0,0,0,0,0,0,0,0,0,0,519,0,0,0,0,0,0,0,0,0,0,0,0,0,0,0,0,0,0,0,0,0,0,0,1379807,1347689
tpch_21,tpp,cpu0.weightedinterleave0_2,80G,53.95,185.36,2.9,27825,172241,0,171475,27825,0,27825,0,0,0,0,0,0,0,0,0,0,0,0,0,0,0,0,0,0,0,0,0,0,0,0,0,0,0,0,0,0,0,0,0,0,0,0,2179139,2130754
tpch_21,nobalance,cpu0.weightedinterleave0_2,80G,53.96,185.32,4.5,0,0,0,0,0,0,0,0,,,,,,,,,0,,,,,,,,,0,,,,,,,,,0,,,,,,,,,2153171,2130657
tpch_21,tpp_thp,cpu0.weightedinterleave0_2,80G,52.28,191.28,2.7,75597,237493,362,49721,75597,0,75597,120,0,0,0,0,0,0,0,0,213,0,0,0,0,0,0,0,0,0,0,0,0,0,0,0,0,0,0,0,0,0,0,0,0,0,0,2114744,2075987
tpch_21,nobalance_thp,cpu0.weightedinterleave0_2,80G,53.66,186.36,4.5,0,0,0,0,0,0,0,0,0,0,0,0,0,0,0,0,211,0,0,0,0,0,0,0,0,0,0,0,0,0,0,0,0,0,0,0,0,0,0,0,0,0,0,2100527,2076859
tpch_21,tpp_thp_512K,cpu0.weightedinterleave0_2,80G,52.75,189.57,2.7,32885,165069,0,12582,32885,0,32885,0,0,0,0,0,0,243,0,0,0,0,0,0,0,0,1057,0,0,0,0,0,0,0,0,0,0,0,0,0,0,0,0,0,0,0,0,2084660,2063439
tpch_21,nobalance_thp_512K,cpu0.weightedinterleave0_2,80G,53.79,185.91,4.5,0,0,0,0,0,0,0,0,0,0,0,0,0,0,0,0,0,0,0,0,0,0,1059,0,0,0,0,0,0,0,0,0,0,0,0,0,0,0,0,0,0,0,0,2086096,2063337
tpch_21,tpp_thp_64K,cpu0.weightedinterleave0_2,80G,52.68,189.83,3.9,53435,199226,0,14054,53435,0,53435,0,0,0,3310,0,0,0,0,0,0,0,0,9244,0,0,0,0,0,0,0,0,0,0,0,0,0,0,0,0,0,0,0,0,0,0,0,2089703,2062552
tpch_21,nobalance_thp_64K,cpu0.weightedinterleave0_2,80G,54.18,184.57,4.5,0,0,0,0,0,0,0,0,0,0,0,0,0,0,0,0,0,0,0,9298,0,0,0,0,0,0,0,0,0,0,0,0,0,0,0,0,0,0,0,0,0,0,0,2203330,2062734
silo_ycsb,tpp,cpu0.weightedinterleave0_2,80G,917.61,10.9,27.5,3689171,11526637,0,11303403,3689171,0,3689171,0,0,0,0,0,0,0,0,0,0,0,0,0,0,0,0,0,0,0,0,0,0,0,0,0,0,0,0,0,0,0,0,0,0,0,0,10376898,6447279
silo_ycsb,nobalance,cpu0.weightedinterleave0_2,80G,1136.86,8.8,29.0,0,0,0,0,0,0,0,0,0,0,0,0,0,0,0,0,0,0,0,0,0,0,0,0,0,0,0,0,0,0,0,0,0,0,0,0,0,0,0,0,0,0,0,8268046,6776926
silo_ycsb,tpp_thp,cpu0.weightedinterleave0_2,80G,718.6,13.92,27.3,3703874,11634784,21876,307996,3703874,0,3703874,7206,0,0,0,0,0,0,0,0,16143,0,0,0,0,0,0,0,0,19,0,0,0,0,0,0,0,0,19,0,0,0,0,0,0,0,0,2374608,2084184
silo_ycsb,nobalance_thp,cpu0.weightedinterleave0_2,80G,950.78,10.52,29.1,0,0,0,0,0,0,0,0,0,0,0,0,0,0,0,0,16371,0,0,0,0,0,0,0,0,0,0,0,0,0,0,0,0,0,0,0,0,0,0,0,0,0,0,3918943,2543036
silo_ycsb,tpp_thp_512K,cpu0.weightedinterleave0_2,80G,901.6,11.09,27.2,3693193,11529876,0,110302,3693193,0,3693193,0,0,0,0,0,0,28819,0,0,0,0,0,0,0,0,97589,0,0,0,0,0,0,0,0,28,0,0,0,0,0,0,0,0,0,0,0,477941,229018
silo_ycsb,nobalance_thp_512K,cpu0.weightedinterleave0_2,80G,1151.75,8.68,29.1,0,0,0,0,0,0,0,0,0,0,0,0,0,0,0,0,0,0,0,0,0,0,103245,0,0,0,0,0,0,0,0,0,0,0,0,0,0,0,0,0,0,0,0,1617909,229551
silo_ycsb,tpp_thp_64K,cpu0.weightedinterleave0_2,80G,887.77,11.26,27.2,3691210,11622820,0,717680,3691210,0,3691210,0,0,0,230599,0,0,0,0,0,0,0,0,794261,0,0,0,0,0,0,0,0,37,0,0,0,0,0,0,0,0,0,0,0,0,0,0,919215,433647
silo_ycsb,nobalance_thp_64K,cpu0.weightedinterleave0_2,80G,1152.82,8.67,-0.0,0,0,0,0,0,0,0,0,0,0,0,0,0,0,0,0,0,0,0,872023,0,0,0,0,0,0,0,0,0,0,0,0,0,0,0,0,0,0,0,0,0,0,0,1485976,457453
